time,status,waterLevel,waterSpeed
1:23:50 PM,AMAN,0,0
1:23:53 PM,AMAN,0,0
1:23:57 PM,AMAN,0,0
1:23:58 PM,AMAN,0,0
1:23:59 PM,AMAN,0,0
1:24:00 PM,AMAN,0,0
1:24:01 PM,AMAN,0,0
1:24:03 PM,AMAN,0,0
1:24:04 PM,AMAN,0,0
1:24:05 PM,AMAN,0,0
1:24:06 PM,AMAN,0,0
1:24:08 PM,AMAN,0,0
1:24:09 PM,AMAN,0,0
1:24:10 PM,AMAN,0,0
1:24:11 PM,AMAN,0,0
1:24:12 PM,AMAN,0,0
1:24:16 PM,AMAN,0,0
1:24:17 PM,AMAN,0,0
1:24:18 PM,AMAN,0,0
1:24:19 PM,AMAN,0,0
1:24:23 PM,AMAN,0,0
1:24:24 PM,AMAN,0,0
1:24:25 PM,AMAN,0,0
1:24:28 PM,AMAN,0,0
1:24:30 PM,AMAN,0,0
1:24:31 PM,AMAN,0,0
1:24:32 PM,AMAN,0,0
1:24:33 PM,AMAN,0,0
1:24:35 PM,AMAN,0,0
1:24:38 PM,AMAN,0,0
1:24:40 PM,AMAN,0,0
1:24:41 PM,AMAN,0,0
1:24:42 PM,AMAN,0,0
1:24:43 PM,AMAN,0,0
1:24:44 PM,AMAN,0,0
1:24:46 PM,AMAN,0,0
1:24:47 PM,AMAN,0,0
1:24:48 PM,AMAN,0,0
1:24:49 PM,AMAN,0,0
1:24:50 PM,AMAN,0,0
1:24:52 PM,AMAN,0,0
1:24:53 PM,AMAN,0,0
1:24:54 PM,AMAN,0,0
1:24:55 PM,AMAN,0,0
1:24:56 PM,AMAN,0,0
1:24:57 PM,AMAN,0,0
1:24:59 PM,AMAN,0,0
1:25:00 PM,AMAN,0,0
1:25:01 PM,AMAN,0,0
1:25:02 PM,AMAN,0,0
1:25:07 PM,AMAN,0,0
1:25:08 PM,AMAN,0,0
1:25:09 PM,AMAN,0,0
1:25:10 PM,AMAN,0,0
1:25:11 PM,AMAN,0,0
1:25:13 PM,AMAN,0,0
1:25:14 PM,AMAN,0,0
1:25:15 PM,AMAN,0,0
1:25:16 PM,AMAN,0,0
1:25:18 PM,AMAN,0,0
1:25:19 PM,AMAN,0,0
1:25:20 PM,AMAN,0,0
1:25:21 PM,AMAN,0,0
1:25:22 PM,AMAN,0,0
1:25:23 PM,AMAN,0,0
1:25:24 PM,AMAN,0,0
1:25:26 PM,AMAN,0,0
1:25:27 PM,AMAN,0,0
1:25:29 PM,AMAN,0,0
1:25:30 PM,AMAN,0,0
1:25:31 PM,AMAN,0,0
1:25:33 PM,AMAN,0,0
1:25:35 PM,AMAN,0,0
1:25:36 PM,AMAN,0,0
1:25:37 PM,AMAN,0,0
1:25:38 PM,AMAN,0,0
1:25:39 PM,AMAN,0,0
1:25:41 PM,AMAN,0,0
1:25:42 PM,AMAN,0,0
1:25:43 PM,AMAN,0,0
1:25:44 PM,AMAN,0,0
1:25:46 PM,AMAN,0,0
1:25:47 PM,AMAN,0,0
1:25:48 PM,AMAN,0,0
1:25:49 PM,AMAN,0,0
1:25:51 PM,AMAN,0,0
1:25:52 PM,AMAN,0,0
1:25:53 PM,AMAN,0,0
1:25:54 PM,AMAN,0,0
1:25:55 PM,AMAN,0,0
1:25:57 PM,AMAN,0,0
1:25:58 PM,AMAN,0,0
1:25:59 PM,AMAN,0,0
1:26:00 PM,AMAN,0,0
1:26:01 PM,AMAN,0,0
1:26:03 PM,AMAN,0,0
1:26:04 PM,AMAN,0,0
1:26:05 PM,AMAN,0,0
1:26:06 PM,AMAN,0,0
1:26:07 PM,AMAN,0,0
1:26:09 PM,AMAN,0,0
1:26:10 PM,AMAN,0,0
1:26:11 PM,AMAN,0,0
1:26:12 PM,AMAN,0,0
1:26:13 PM,AMAN,0,0
1:26:15 PM,AMAN,0,0
1:26:18 PM,AMAN,0,0
1:26:22 PM,AMAN,0,0
1:26:23 PM,AMAN,0,0
1:26:25 PM,AMAN,0,0
1:26:28 PM,AMAN,0,0
1:26:30 PM,AMAN,0,0
1:26:31 PM,AMAN,0,0
1:26:32 PM,AMAN,0,0
1:26:33 PM,AMAN,0,0
1:26:37 PM,AMAN,0,0
1:26:38 PM,AMAN,0,0
1:26:42 PM,AMAN,0,0
1:26:44 PM,AMAN,0,0
1:26:45 PM,AMAN,0,0
1:26:46 PM,AMAN,0,0
1:26:47 PM,AMAN,0,0
1:26:49 PM,AMAN,0,0
1:26:50 PM,AMAN,0,0
1:26:51 PM,AMAN,0,0
1:26:52 PM,AMAN,0,0
1:26:53 PM,AMAN,0,0
1:26:55 PM,AMAN,0,0
1:26:56 PM,AMAN,0,0
1:26:57 PM,AMAN,0,0
1:26:58 PM,AMAN,0,0
1:26:59 PM,AMAN,0,0
1:27:00 PM,AMAN,0,0
1:27:04 PM,AMAN,0,0
1:27:07 PM,AMAN,0,0
1:27:08 PM,AMAN,0,0
1:27:09 PM,AMAN,0,0
1:27:11 PM,AMAN,0,0
1:27:12 PM,AMAN,0,0
1:27:13 PM,AMAN,0,0
1:27:14 PM,AMAN,0,0
1:27:15 PM,AMAN,0,0
1:27:17 PM,AMAN,0,0
1:27:18 PM,AMAN,0,0
1:27:19 PM,AMAN,0,0
1:27:20 PM,AMAN,0,0
1:27:21 PM,AMAN,0,0
1:27:23 PM,AMAN,0,0
1:27:24 PM,AMAN,0,0
1:27:25 PM,AMAN,0,0
1:27:26 PM,AMAN,0,0
1:27:28 PM,AMAN,0,0
1:27:29 PM,AMAN,0,0
1:27:30 PM,AMAN,0,0
1:27:31 PM,AMAN,0,0
1:27:32 PM,AMAN,0,0
1:27:33 PM,AMAN,0,0
1:27:35 PM,AMAN,0,0
1:27:36 PM,AMAN,0,0
1:27:37 PM,AMAN,0,0
1:27:38 PM,AMAN,0,0
1:27:40 PM,AMAN,0,0
1:27:41 PM,AMAN,0,0
1:27:43 PM,AMAN,0,0
1:27:44 PM,AMAN,0,0
1:27:45 PM,AMAN,0,0
1:27:46 PM,AMAN,0,0
1:27:48 PM,AMAN,0,0
1:27:49 PM,AMAN,0,0
1:27:50 PM,AMAN,0,0
1:27:51 PM,AMAN,0,0
1:27:53 PM,AMAN,0,0
1:27:54 PM,AMAN,0,0
1:27:55 PM,AMAN,0,0
1:27:56 PM,AMAN,0,0
1:27:57 PM,AMAN,0,0
1:27:58 PM,AMAN,0,0
1:27:59 PM,AMAN,0,0
1:28:01 PM,AMAN,0,0
1:28:02 PM,AMAN,0,0
1:28:03 PM,AMAN,0,0
1:28:05 PM,AMAN,0,0
1:28:06 PM,AMAN,0,0
1:28:07 PM,AMAN,0,0
1:28:09 PM,AMAN,0,0
1:28:10 PM,AMAN,0,0
1:28:11 PM,AMAN,0,0
1:28:14 PM,AMAN,0,0
1:28:15 PM,AMAN,0,0
1:28:17 PM,AMAN,0,0
1:28:19 PM,AMAN,0,0
1:28:20 PM,AMAN,0,0
1:28:21 PM,AMAN,0,0
1:28:22 PM,AMAN,0,0
1:28:23 PM,AMAN,0,0
1:28:25 PM,AMAN,0,0
1:28:26 PM,AMAN,0,0
1:28:27 PM,AMAN,0,0
1:28:28 PM,AMAN,0,0
1:28:29 PM,AMAN,0,0
1:28:30 PM,AMAN,0,0
1:28:32 PM,AMAN,0,0
1:28:33 PM,AMAN,0,0
1:28:34 PM,AMAN,0,0
1:28:35 PM,AMAN,0,0
1:28:39 PM,AMAN,0,0
1:28:40 PM,AMAN,0,0
1:28:41 PM,AMAN,0,0
1:28:43 PM,AMAN,0,0
1:28:44 PM,AMAN,0,0
1:28:45 PM,AMAN,0,0
1:28:46 PM,AMAN,0,0
1:28:47 PM,AMAN,0,0
1:28:49 PM,AMAN,0,0
1:28:50 PM,AMAN,0,0
1:28:51 PM,AMAN,0,0
1:28:52 PM,AMAN,0,0
1:28:54 PM,AMAN,0,0
1:28:55 PM,AMAN,0,0
1:28:56 PM,AMAN,0,0
1:28:57 PM,AMAN,0,0
1:28:59 PM,AMAN,0,0
1:29:03 PM,AMAN,0,0
1:29:04 PM,AMAN,0,0
1:29:05 PM,AMAN,0,0
1:29:07 PM,AMAN,0,0
1:29:08 PM,AMAN,0,0
1:29:09 PM,AMAN,0,0
1:29:10 PM,AMAN,0,0
1:29:11 PM,AMAN,0,0
1:29:13 PM,AMAN,0,0
1:29:14 PM,AMAN,0,0
1:29:15 PM,AMAN,0,0
1:29:16 PM,AMAN,0,0
1:29:18 PM,AMAN,0,0
1:29:19 PM,AMAN,0,0
1:29:21 PM,AMAN,0,0
1:29:22 PM,AMAN,0,0
1:29:23 PM,AMAN,0,0
1:29:24 PM,AMAN,0,0
1:29:25 PM,AMAN,0,0
1:29:29 PM,AMAN,0,0
1:29:30 PM,AMAN,0,0
1:29:31 PM,AMAN,0,0
1:29:33 PM,AMAN,0,0
1:29:34 PM,AMAN,0,0
1:29:35 PM,AMAN,0,0
1:29:36 PM,AMAN,0,0
1:29:37 PM,AMAN,0,0
1:29:39 PM,AMAN,0,0
1:29:40 PM,AMAN,0,0
1:29:41 PM,AMAN,0,0
1:29:42 PM,AMAN,0,0
1:29:43 PM,AMAN,0,0
1:29:45 PM,AMAN,0,0
1:29:46 PM,AMAN,0,0
1:29:48 PM,AMAN,0,0
1:29:49 PM,AMAN,0,0
1:29:50 PM,AMAN,0,0
1:29:51 PM,AMAN,0,0
1:29:52 PM,AMAN,0,0
1:29:53 PM,AMAN,0,0
1:29:55 PM,AMAN,0,0
1:29:56 PM,AMAN,0,0
1:29:58 PM,AMAN,0,0
1:29:59 PM,AMAN,0,0
1:30:00 PM,AMAN,0,0
1:30:02 PM,AMAN,0,0
1:30:03 PM,AMAN,0,0
1:30:04 PM,AMAN,0,0
1:30:05 PM,AMAN,0,0
1:30:06 PM,AMAN,0,0
1:30:08 PM,AMAN,0,0
1:30:09 PM,AMAN,0,0
1:30:10 PM,AMAN,0,0
1:30:12 PM,AMAN,0,0
1:30:13 PM,AMAN,0,0
1:30:14 PM,AMAN,0,0
1:30:15 PM,AMAN,0,0
1:30:17 PM,AMAN,0,0
1:30:19 PM,AMAN,0,0
1:30:20 PM,AMAN,0,0
1:30:22 PM,AMAN,0,0
1:30:23 PM,AMAN,0,0
1:30:24 PM,AMAN,0,0
1:30:25 PM,AMAN,0,0
1:30:26 PM,AMAN,0,0
1:30:28 PM,AMAN,0,0
1:30:50 PM,AMAN,0,0
1:30:52 PM,AMAN,0,0
1:30:53 PM,AMAN,0,0
1:30:54 PM,AMAN,0,0
1:30:55 PM,AMAN,0,0
1:30:57 PM,AMAN,0,0
1:30:58 PM,AMAN,0,0
1:30:59 PM,AMAN,0,0
1:31:00 PM,AMAN,0,0
1:31:01 PM,AMAN,0,0
1:31:03 PM,AMAN,0,0
1:31:04 PM,AMAN,0,0
1:31:05 PM,AMAN,0,0
1:31:06 PM,AMAN,0,0
1:31:09 PM,AMAN,0,0
1:31:10 PM,AMAN,0,0
1:31:11 PM,AMAN,0,0
1:31:13 PM,AMAN,0,0
1:31:15 PM,AMAN,0,0
1:31:16 PM,AMAN,0,0
1:31:17 PM,AMAN,0,0
1:31:19 PM,AMAN,0,0
1:31:21 PM,AMAN,0,0
1:31:22 PM,AMAN,0,0
1:31:23 PM,AMAN,0,0
1:31:24 PM,AMAN,0,0
1:31:26 PM,AMAN,0,0
1:31:27 PM,AMAN,0,0
1:31:28 PM,AMAN,0,0
1:31:29 PM,AMAN,0,0
1:31:30 PM,AMAN,0,0
1:31:32 PM,AMAN,0,0
1:31:33 PM,AMAN,0,0
1:31:34 PM,AMAN,0,0
1:31:35 PM,AMAN,0,0
1:31:36 PM,AMAN,0,0
1:31:38 PM,AMAN,0,0
1:31:39 PM,AMAN,0,0
1:31:40 PM,AMAN,0,0
1:31:41 PM,AMAN,0,0
1:31:43 PM,AMAN,0,0
1:31:44 PM,AMAN,0,0
1:31:46 PM,AMAN,0,0
1:31:47 PM,AMAN,0,0
1:31:50 PM,AMAN,0,0
1:31:52 PM,AMAN,0,0
1:31:53 PM,AMAN,0,0
1:31:54 PM,AMAN,0,0
1:31:55 PM,AMAN,0,0
1:31:56 PM,AMAN,0,0
1:31:58 PM,AMAN,0,0
1:31:59 PM,AMAN,0,0
1:32:00 PM,AMAN,0,0
1:32:01 PM,AMAN,0,0
1:32:02 PM,AMAN,0,0
1:32:03 PM,AMAN,0,0
1:32:04 PM,AMAN,0,0
1:32:06 PM,AMAN,0,0
1:32:07 PM,AMAN,0,0
1:32:08 PM,AMAN,0,0
1:32:11 PM,AMAN,0,0
1:32:13 PM,AMAN,0,0
1:32:14 PM,AMAN,0,0
1:32:15 PM,AMAN,0,0
1:32:17 PM,AMAN,0,0
1:32:18 PM,AMAN,0,0
1:32:19 PM,AMAN,0,0
1:32:21 PM,AMAN,0,0
1:32:22 PM,AMAN,0,0
1:32:23 PM,AMAN,0,0
1:32:26 PM,AMAN,0,0
1:32:28 PM,AMAN,0,0
1:32:29 PM,AMAN,0,0
1:32:30 PM,AMAN,0,0
1:32:31 PM,AMAN,0,0
1:32:32 PM,AMAN,0,0
1:32:33 PM,AMAN,0,0
1:32:35 PM,AMAN,0,0
1:32:36 PM,AMAN,0,0
1:32:37 PM,AMAN,0,0
1:32:38 PM,AMAN,0,0
1:32:39 PM,AMAN,0,0
1:32:40 PM,AMAN,0,0
1:32:41 PM,AMAN,0,0
1:32:43 PM,AMAN,0,0
1:32:44 PM,AMAN,0,0
1:32:45 PM,AMAN,0,0
1:32:46 PM,AMAN,0,0
1:32:47 PM,AMAN,0,0
1:32:48 PM,AMAN,0,0
1:32:50 PM,AMAN,0,0
1:32:52 PM,AMAN,0,0
1:32:53 PM,AMAN,0,0
1:32:54 PM,AMAN,0,0
1:32:55 PM,AMAN,0,0
1:32:56 PM,AMAN,0,0
1:32:57 PM,AMAN,0,0
1:32:58 PM,AMAN,0,0
1:32:59 PM,AMAN,0,0
1:33:01 PM,AMAN,0,0
1:33:02 PM,AMAN,0,0
1:33:03 PM,AMAN,0,0
1:33:05 PM,AMAN,0,0
1:33:06 PM,AMAN,0,0
1:33:07 PM,AMAN,0,0
1:33:08 PM,AMAN,0,0
1:33:09 PM,AMAN,0,0
1:33:10 PM,AMAN,0,0
1:33:12 PM,AMAN,0,0
1:33:13 PM,AMAN,0,0
1:33:14 PM,AMAN,0,0
1:33:15 PM,AMAN,0,0
1:33:16 PM,AMAN,0,0
1:33:17 PM,AMAN,0,0
1:33:18 PM,AMAN,0,0
1:33:19 PM,AMAN,0,0
1:33:21 PM,AMAN,0,0
1:33:22 PM,AMAN,0,0
1:33:23 PM,AMAN,0,0
1:33:24 PM,AMAN,0,0
1:33:26 PM,AMAN,0,0
1:33:27 PM,AMAN,0,0
1:33:31 PM,AMAN,0,0
1:33:32 PM,AMAN,0,0
1:33:33 PM,AMAN,0,0
1:33:34 PM,AMAN,0,0
1:33:35 PM,AMAN,0,0
1:33:37 PM,AMAN,0,0
1:33:38 PM,AMAN,0,0
1:33:39 PM,AMAN,0,0
1:33:40 PM,AMAN,0,0
1:33:41 PM,AMAN,0,0
1:33:42 PM,AMAN,0,0
1:33:44 PM,AMAN,0,0
1:33:45 PM,AMAN,0,0
1:33:46 PM,AMAN,0,0
1:33:47 PM,AMAN,0,0
1:33:48 PM,AMAN,0,0
1:33:50 PM,AMAN,0,0
1:33:51 PM,AMAN,0,0
1:33:52 PM,AMAN,0,0
1:33:53 PM,AMAN,0,0
1:33:54 PM,AMAN,0,0
1:33:55 PM,AMAN,0,0
1:33:57 PM,AMAN,0,0
1:33:58 PM,AMAN,0,0
1:33:59 PM,AMAN,0,0
1:34:00 PM,AMAN,0,0
1:34:02 PM,AMAN,0,0
1:34:03 PM,AMAN,0,0
1:34:04 PM,AMAN,0,0
1:34:05 PM,AMAN,0,0
1:34:07 PM,AMAN,0,0
1:34:08 PM,AMAN,0,0
1:34:09 PM,AMAN,0,0
1:34:10 PM,AMAN,0,0
1:34:11 PM,AMAN,0,0
1:34:13 PM,AMAN,0,0
1:34:16 PM,AMAN,0,0
1:34:17 PM,AMAN,0,0
1:34:19 PM,AMAN,0,0
1:34:20 PM,AMAN,0,0
1:34:21 PM,AMAN,0,0
1:34:22 PM,AMAN,0,0
1:34:23 PM,AMAN,0,0
1:34:24 PM,AMAN,0,0
1:34:25 PM,AMAN,0,0
1:34:27 PM,AMAN,0,0
1:34:28 PM,AMAN,0,0
1:34:29 PM,AMAN,0,0
1:34:30 PM,AMAN,0,0
1:34:31 PM,AMAN,0,0
1:34:32 PM,AMAN,0,0
1:34:34 PM,AMAN,0,0
1:34:35 PM,AMAN,0,0
1:34:36 PM,AMAN,0,0
1:34:37 PM,AMAN,0,0
1:34:38 PM,AMAN,0,0
1:34:40 PM,AMAN,0,0
1:34:41 PM,AMAN,0,0
1:34:42 PM,AMAN,0,0
1:34:43 PM,AMAN,0,0
1:34:44 PM,AMAN,0,0
1:34:45 PM,AMAN,0,0
1:34:46 PM,AMAN,0,0
1:34:48 PM,AMAN,0,0
1:34:49 PM,AMAN,0,0
1:34:50 PM,AMAN,0,0
1:34:51 PM,AMAN,0,0
1:34:52 PM,AMAN,0,0
1:34:53 PM,AMAN,0,0
1:34:55 PM,AMAN,0,0
1:34:56 PM,AMAN,0,0
1:34:57 PM,AMAN,0,0
1:34:58 PM,AMAN,0,0
1:34:59 PM,AMAN,0,0
1:35:01 PM,AMAN,0,0
1:35:02 PM,AMAN,0,0
1:35:03 PM,AMAN,0,0
1:35:04 PM,AMAN,0,0
1:35:05 PM,AMAN,0,0
1:35:06 PM,AMAN,0,0
1:35:07 PM,AMAN,0,0
1:35:09 PM,AMAN,0,0
1:35:10 PM,AMAN,0,0
1:35:11 PM,AMAN,0,0
1:35:12 PM,AMAN,0,0
1:35:14 PM,AMAN,0,0
1:35:15 PM,AMAN,0,0
1:35:16 PM,AMAN,0,0
1:35:17 PM,AMAN,0,0
1:35:18 PM,AMAN,0,0
1:35:20 PM,AMAN,0,0
1:35:22 PM,AMAN,0,0
1:35:23 PM,AMAN,0,0
1:35:24 PM,AMAN,0,0
1:35:25 PM,AMAN,0,0
1:35:27 PM,AMAN,0,0
1:35:28 PM,AMAN,0,0
1:35:29 PM,AMAN,0,0
1:35:30 PM,AMAN,0,0
1:35:31 PM,AMAN,0,0
1:35:32 PM,AMAN,0,0
1:35:34 PM,AMAN,0,0
1:35:37 PM,AMAN,0,0
1:35:38 PM,AMAN,0,0
1:35:39 PM,AMAN,0,0
1:35:40 PM,AMAN,0,0
1:35:42 PM,AMAN,0,0
1:35:45 PM,AMAN,0,0
1:35:46 PM,AMAN,0,0
1:35:47 PM,AMAN,0,0
1:35:48 PM,AMAN,0,0
1:35:49 PM,AMAN,0,0
1:35:51 PM,AMAN,0,0
1:35:52 PM,AMAN,0,0
1:35:56 PM,AMAN,0,0
1:35:57 PM,AMAN,0,0
1:35:58 PM,AMAN,0,0
1:35:59 PM,AMAN,0,0
1:36:00 PM,AMAN,0,0
1:36:01 PM,AMAN,0,0
1:36:03 PM,AMAN,0,0
1:36:04 PM,AMAN,0,0
1:36:06 PM,AMAN,0,0
1:36:08 PM,AMAN,0,0
1:36:09 PM,AMAN,0,0
1:36:10 PM,AMAN,0,0
1:36:11 PM,AMAN,0,0
1:36:12 PM,AMAN,0,0
1:36:14 PM,AMAN,0,0
1:36:15 PM,AMAN,0,0
1:36:16 PM,AMAN,0,0
1:36:17 PM,AMAN,0,0
1:36:18 PM,AMAN,0,0
1:36:19 PM,AMAN,0,0
1:36:21 PM,AMAN,0,0
1:36:22 PM,AMAN,0,0
1:36:23 PM,AMAN,0,0
1:36:24 PM,AMAN,0,0
1:36:25 PM,AMAN,0,0
1:36:27 PM,AMAN,0,0
1:36:28 PM,AMAN,0,0
1:36:29 PM,AMAN,0,0
1:36:30 PM,AMAN,0,0
1:36:31 PM,AMAN,0,0
1:36:34 PM,AMAN,0,0
1:36:35 PM,AMAN,0,0
1:36:37 PM,AMAN,0,0
1:36:38 PM,AMAN,0,0
1:36:39 PM,AMAN,0,0
1:36:40 PM,AMAN,0,0
1:36:42 PM,AMAN,0,0
1:36:43 PM,AMAN,0,0
1:36:44 PM,AMAN,0,0
1:36:45 PM,AMAN,0,0
1:36:46 PM,AMAN,0,0
1:36:47 PM,AMAN,0,0
1:36:48 PM,AMAN,0,0
1:36:50 PM,AMAN,0,0
1:36:51 PM,AMAN,0,0
1:36:52 PM,AMAN,0,0
1:36:53 PM,AMAN,0,0
1:36:54 PM,AMAN,0,0
1:36:55 PM,AMAN,0,0
1:36:56 PM,AMAN,0,0
1:36:58 PM,AMAN,0,0
1:36:59 PM,AMAN,0,0
1:37:00 PM,AMAN,0,0
1:37:01 PM,AMAN,0,0
1:37:02 PM,AMAN,0,0
1:37:03 PM,AMAN,0,0
1:37:04 PM,AMAN,0,0
1:37:06 PM,AMAN,0,0
1:37:07 PM,AMAN,0,0
1:37:11 PM,AMAN,0,0
1:37:12 PM,AMAN,0,0
1:37:13 PM,AMAN,0,0
1:37:14 PM,AMAN,0,0
1:37:16 PM,AMAN,0,0
1:37:17 PM,AMAN,0,0
1:37:18 PM,AMAN,0,0
1:37:19 PM,AMAN,0,0
1:37:21 PM,AMAN,0,0
1:37:22 PM,AMAN,0,0
1:37:26 PM,AMAN,0,0
1:37:27 PM,AMAN,0,0
1:37:28 PM,AMAN,0,0
1:37:29 PM,AMAN,0,0
1:37:30 PM,AMAN,0,0
1:37:32 PM,AMAN,0,0
1:37:33 PM,AMAN,0,0
1:37:34 PM,AMAN,0,0
1:37:35 PM,AMAN,0,0
1:37:36 PM,AMAN,0,0
1:37:38 PM,AMAN,0,0
1:37:40 PM,AMAN,0,0
1:37:41 PM,AMAN,0,0
1:37:42 PM,AMAN,0,0
1:37:46 PM,AMAN,0,0
1:37:47 PM,AMAN,0,0
1:37:48 PM,AMAN,0,0
1:37:50 PM,AMAN,0,0
1:37:51 PM,AMAN,0,0
1:37:52 PM,AMAN,0,0
1:37:53 PM,AMAN,0,0
1:37:54 PM,AMAN,0,0
1:37:55 PM,AMAN,0,0
1:37:56 PM,AMAN,0,0
1:37:58 PM,AMAN,0,0
1:37:59 PM,AMAN,0,0
1:38:00 PM,AMAN,0,0
1:38:02 PM,AMAN,0,0
1:38:03 PM,AMAN,0,0
1:38:04 PM,AMAN,0,0
1:38:07 PM,AMAN,0,0
1:38:08 PM,AMAN,0,0
1:38:10 PM,AMAN,0,0
1:38:11 PM,AMAN,0,0
1:38:12 PM,AMAN,0,0
1:38:13 PM,AMAN,0,0
1:38:14 PM,AMAN,0,0
1:38:16 PM,AMAN,0,0
1:38:17 PM,AMAN,0,0
1:38:18 PM,AMAN,0,0
1:38:20 PM,AMAN,0,0
1:38:21 PM,AMAN,0,0
1:38:22 PM,AMAN,0,0
1:38:24 PM,AMAN,0,0
1:38:25 PM,AMAN,0,0
1:38:26 PM,AMAN,0,0
1:38:27 PM,AMAN,0,0
1:38:28 PM,AMAN,0,0
1:38:29 PM,AMAN,0,0
1:38:31 PM,AMAN,0,0
1:38:32 PM,AMAN,0,0
1:38:33 PM,AMAN,0,0
1:38:34 PM,AMAN,0,0
1:38:35 PM,AMAN,0,0
1:38:37 PM,AMAN,0,0
1:38:38 PM,AMAN,0,0
1:38:40 PM,AMAN,0,0
1:38:41 PM,AMAN,0,0
1:38:42 PM,AMAN,0,0
1:38:43 PM,AMAN,0,0
1:38:45 PM,AMAN,0,0
1:38:46 PM,AMAN,0,0
1:38:47 PM,AMAN,0,0
1:38:48 PM,AMAN,0,0
1:38:50 PM,AMAN,0,0
1:38:51 PM,AMAN,0,0
1:38:52 PM,AMAN,0,0
1:38:54 PM,AMAN,0,0
1:38:55 PM,AMAN,0,0
1:38:57 PM,AMAN,0,0
1:38:58 PM,AMAN,0,0
1:38:59 PM,AMAN,0,0
1:39:01 PM,AMAN,0,0
1:39:02 PM,AMAN,0,0
1:39:03 PM,AMAN,0,0
1:39:04 PM,AMAN,0,0
1:39:05 PM,AMAN,0,0
1:39:06 PM,AMAN,0,0
1:39:08 PM,AMAN,0,0
1:39:09 PM,AMAN,0,0
1:39:10 PM,AMAN,0,0
1:39:11 PM,AMAN,0,0
1:39:13 PM,AMAN,0,0
1:39:14 PM,AMAN,0,0
1:39:15 PM,AMAN,0,0
1:39:16 PM,AMAN,0,0
1:39:17 PM,AMAN,0,0
1:39:18 PM,AMAN,0,0
1:39:20 PM,AMAN,0,0
1:39:21 PM,AMAN,0,0
1:39:22 PM,AMAN,0,0
1:39:23 PM,AMAN,0,0
1:39:24 PM,AMAN,0,0
1:39:25 PM,AMAN,0,0
1:39:27 PM,AMAN,0,0
1:39:28 PM,AMAN,0,0
1:39:29 PM,AMAN,0,0
1:39:30 PM,AMAN,0,0
1:39:31 PM,AMAN,0,0
1:39:32 PM,AMAN,0,0
1:39:33 PM,AMAN,0,0
1:39:35 PM,AMAN,0,0
1:39:36 PM,AMAN,0,0
1:39:37 PM,AMAN,0,0
1:39:38 PM,AMAN,0,0
1:39:42 PM,AMAN,0,0
1:39:43 PM,AMAN,0,0
1:39:47 PM,AMAN,0,0
1:39:48 PM,AMAN,0,0
1:39:49 PM,AMAN,0,0
1:39:50 PM,AMAN,0,0
1:39:51 PM,AMAN,0,0
1:39:55 PM,AMAN,0,0
1:39:58 PM,AMAN,0,0
1:39:59 PM,AMAN,0,0
1:40:00 PM,AMAN,0,0
1:40:01 PM,AMAN,0,0
1:40:02 PM,AMAN,0,0
1:40:03 PM,AMAN,0,0
1:40:05 PM,AMAN,0,0
1:40:06 PM,AMAN,0,0
1:40:07 PM,AMAN,0,0
1:40:08 PM,AMAN,0,0
1:40:09 PM,AMAN,0,0
1:40:10 PM,AMAN,0,0
1:40:12 PM,AMAN,0,0
1:40:13 PM,AMAN,0,0
1:40:14 PM,AMAN,0,0
1:40:15 PM,AMAN,0,0
1:40:16 PM,AMAN,0,0
1:40:17 PM,AMAN,0,0
1:40:18 PM,AMAN,0,0
1:40:20 PM,AMAN,0,0
1:40:21 PM,AMAN,0,0
1:40:22 PM,AMAN,0,0
1:40:23 PM,AMAN,0,0
1:40:24 PM,AMAN,0,0
1:40:25 PM,AMAN,0,0
1:40:26 PM,AMAN,0,0
1:40:28 PM,AMAN,0,0
1:40:29 PM,AMAN,0,0
1:40:30 PM,AMAN,0,0
1:40:31 PM,AMAN,0,0
1:40:32 PM,AMAN,0,0
1:40:34 PM,AMAN,0,0
1:40:35 PM,AMAN,0,0
1:40:37 PM,AMAN,0,0
1:40:38 PM,AMAN,0,0
1:40:39 PM,AMAN,0,0
1:40:40 PM,AMAN,0,0
1:40:41 PM,AMAN,0,0
1:40:42 PM,AMAN,0,0
1:40:43 PM,AMAN,0,0
1:40:45 PM,AMAN,0,0
1:40:46 PM,AMAN,0,0
1:40:47 PM,AMAN,0,0
1:40:49 PM,AMAN,0,0
1:40:50 PM,AMAN,0,0
1:40:51 PM,AMAN,0,0
1:40:52 PM,AMAN,0,0
1:40:54 PM,AMAN,0,0
1:40:55 PM,AMAN,0,0
1:40:59 PM,AMAN,0,0
1:41:00 PM,AMAN,0,0
1:41:02 PM,AMAN,0,0
1:41:03 PM,AMAN,0,0
1:41:05 PM,AMAN,0,0
1:41:06 PM,AMAN,0,0
1:41:07 PM,AMAN,0,0
1:41:08 PM,AMAN,0,0
1:41:10 PM,AMAN,0,0
1:41:11 PM,AMAN,0,0
1:41:12 PM,AMAN,0,0
1:41:13 PM,AMAN,0,0
1:41:14 PM,AMAN,0,0
1:41:15 PM,AMAN,0,0
1:41:17 PM,AMAN,0,0
1:41:18 PM,AMAN,0,0
1:41:19 PM,AMAN,0,0
1:41:21 PM,AMAN,0,0
1:41:22 PM,AMAN,0,0
1:41:23 PM,AMAN,0,0
1:41:25 PM,AMAN,0,0
1:41:26 PM,AMAN,0,0
1:41:27 PM,AMAN,0,0
1:41:29 PM,AMAN,0,0
1:41:30 PM,AMAN,0,0
1:41:33 PM,AMAN,0,0
1:41:34 PM,AMAN,0,0
1:41:35 PM,AMAN,0,0
1:41:36 PM,AMAN,0,0
1:41:38 PM,AMAN,0,0
1:41:39 PM,AMAN,0,0
1:41:40 PM,AMAN,0,0
1:41:41 PM,AMAN,0,0
1:41:42 PM,AMAN,0,0
1:41:43 PM,AMAN,0,0
1:41:44 PM,AMAN,0,0
1:41:46 PM,AMAN,0,0
1:41:47 PM,AMAN,0,0
1:41:48 PM,AMAN,0,0
1:41:49 PM,AMAN,0,0
1:41:50 PM,AMAN,0,0
1:41:52 PM,AMAN,0,0
1:41:53 PM,AMAN,0,0
1:41:55 PM,AMAN,0,0
1:41:56 PM,AMAN,0,0
1:41:58 PM,AMAN,0,0
1:41:59 PM,AMAN,0,0
1:42:00 PM,AMAN,0,0
1:42:01 PM,AMAN,0,0
1:42:02 PM,AMAN,0,0
1:42:04 PM,AMAN,0,0
1:42:05 PM,AMAN,0,0
1:42:06 PM,AMAN,0,0
1:42:07 PM,AMAN,0,0
1:42:09 PM,AMAN,0,0
1:42:10 PM,AMAN,0,0
1:42:11 PM,AMAN,0,0
1:42:12 PM,AMAN,0,0
1:42:13 PM,AMAN,0,0
1:42:14 PM,AMAN,0,0
1:42:15 PM,AMAN,0,0
1:42:17 PM,AMAN,0,0
1:42:18 PM,AMAN,0,0
1:42:19 PM,AMAN,0,0
1:42:20 PM,AMAN,0,0
1:42:21 PM,AMAN,0,0
1:42:23 PM,AMAN,0,0
1:42:24 PM,AMAN,0,0
1:42:25 PM,AMAN,0,0
1:42:26 PM,AMAN,0,0
1:42:27 PM,AMAN,0,0
1:42:28 PM,AMAN,0,0
1:42:30 PM,AMAN,0,0
1:42:31 PM,AMAN,0,0
1:42:32 PM,AMAN,0,0
1:42:33 PM,AMAN,0,0
1:42:34 PM,AMAN,0,0
1:42:35 PM,AMAN,0,0
1:42:37 PM,AMAN,0,0
1:42:38 PM,AMAN,0,0
1:42:39 PM,AMAN,0,0
1:42:40 PM,AMAN,0,0
1:42:41 PM,AMAN,0,0
1:42:42 PM,AMAN,0,0
1:42:43 PM,AMAN,0,0
1:42:45 PM,AMAN,0,0
1:42:46 PM,AMAN,0,0
1:42:47 PM,AMAN,0,0
1:42:48 PM,AMAN,0,0
1:42:49 PM,AMAN,0,0
1:42:50 PM,AMAN,0,0
1:42:52 PM,AMAN,0,0
1:42:53 PM,AMAN,0,0
1:42:54 PM,AMAN,0,0
1:42:55 PM,AMAN,0,0
1:42:56 PM,AMAN,0,0
1:42:58 PM,AMAN,0,0
1:42:59 PM,AMAN,0,0
1:43:00 PM,AMAN,0,0
1:43:01 PM,AMAN,0,0
1:43:02 PM,AMAN,0,0
1:43:03 PM,AMAN,0,0
1:43:04 PM,AMAN,0,0
1:43:06 PM,AMAN,0,0
1:43:07 PM,AMAN,0,0
1:43:10 PM,AMAN,0,0
1:43:11 PM,AMAN,0,0
1:43:12 PM,AMAN,0,0
1:43:14 PM,AMAN,0,0
1:43:15 PM,AMAN,0,0
1:43:23 PM,AMAN,0,0
1:43:23 PM,AMAN,0,0
1:43:25 PM,AMAN,0,0
1:43:26 PM,AMAN,0,0
1:43:27 PM,AMAN,0,0
1:43:28 PM,AMAN,0,0
1:43:29 PM,AMAN,0,0
1:43:31 PM,AMAN,0,0
1:43:32 PM,AMAN,0,0
1:43:33 PM,AMAN,0,0
1:43:34 PM,AMAN,0,0
1:43:35 PM,AMAN,0,0
1:43:36 PM,AMAN,0,0
1:43:37 PM,AMAN,0,0
1:43:39 PM,AMAN,0,0
1:43:40 PM,AMAN,0,0
1:43:41 PM,AMAN,0,0
1:43:42 PM,AMAN,0,0
1:43:44 PM,AMAN,0,0
1:43:45 PM,AMAN,0,0
1:43:46 PM,AMAN,0,0
1:43:47 PM,AMAN,0,0
1:43:48 PM,AMAN,0,0
1:43:49 PM,AMAN,0,0
1:43:51 PM,AMAN,0,0
1:43:53 PM,AMAN,0,0
1:43:55 PM,AMAN,0,0
1:43:56 PM,AMAN,0,0
1:43:57 PM,AMAN,0,0
1:43:59 PM,AMAN,0,0
1:44:00 PM,AMAN,0,0
1:44:01 PM,AMAN,0,0
1:44:03 PM,AMAN,0,0
1:44:05 PM,AMAN,0,0
1:44:06 PM,AMAN,0,0
1:44:07 PM,AMAN,0,0
1:44:08 PM,AMAN,0,0
1:44:10 PM,AMAN,0,0
1:44:11 PM,AMAN,0,0
1:44:12 PM,AMAN,0,0
1:44:13 PM,AMAN,0,0
1:44:15 PM,AMAN,0,0
1:44:16 PM,AMAN,0,0
1:44:17 PM,AMAN,0,0
1:44:18 PM,AMAN,0,0
1:44:20 PM,AMAN,0,0
1:44:22 PM,AMAN,0,0
1:44:23 PM,AMAN,0,0
1:44:24 PM,AMAN,0,0
1:44:25 PM,AMAN,0,0
1:44:27 PM,AMAN,0,0
1:44:28 PM,AMAN,0,0
1:44:29 PM,AMAN,0,0
1:44:30 PM,AMAN,0,0
1:44:31 PM,AMAN,0,0
1:44:33 PM,AMAN,0,0
1:44:34 PM,AMAN,0,0
1:44:35 PM,AMAN,0,0
1:44:36 PM,AMAN,0,0
1:44:37 PM,AMAN,0,0
1:44:38 PM,AMAN,0,0
1:44:40 PM,AMAN,0,0
1:44:41 PM,AMAN,0,0
1:44:42 PM,AMAN,0,0
1:44:44 PM,AMAN,0,0
1:44:45 PM,AMAN,0,0
1:44:46 PM,AMAN,0,0
1:44:50 PM,AMAN,0,0
1:44:51 PM,AMAN,0,0
1:44:53 PM,AMAN,0,0
1:44:54 PM,AMAN,0,0
1:44:55 PM,AMAN,0,0
1:44:59 PM,AMAN,0,0
1:45:00 PM,AMAN,0,0
1:45:02 PM,AMAN,0,0
1:45:03 PM,AMAN,0,0
1:45:05 PM,AMAN,0,0
1:45:06 PM,AMAN,0,0
1:45:07 PM,AMAN,0,0
1:45:08 PM,AMAN,0,0
1:45:09 PM,AMAN,0,0
1:45:10 PM,AMAN,0,0
1:45:11 PM,AMAN,0,0
1:45:12 PM,AMAN,0,0
1:45:14 PM,AMAN,0,0
1:45:15 PM,AMAN,0,0
1:45:18 PM,AMAN,0,0
1:45:19 PM,AMAN,0,0
1:45:20 PM,AMAN,0,0
1:45:22 PM,AMAN,0,0
1:45:23 PM,AMAN,0,0
1:45:24 PM,AMAN,0,0
1:45:25 PM,AMAN,0,0
1:45:26 PM,AMAN,0,0
1:45:27 PM,AMAN,0,0
1:45:28 PM,AMAN,0,0
1:45:29 PM,AMAN,0,0
1:45:31 PM,AMAN,0,0
1:45:32 PM,AMAN,0,0
1:45:33 PM,AMAN,0,0
1:45:34 PM,AMAN,0,0
1:45:35 PM,AMAN,0,0
1:45:37 PM,AMAN,0,0
1:45:38 PM,AMAN,0,0
1:45:39 PM,AMAN,0,0
1:45:40 PM,AMAN,0,0
1:45:41 PM,AMAN,0,0
1:45:42 PM,AMAN,0,0
1:45:44 PM,AMAN,0,0
1:45:45 PM,AMAN,0,0
1:45:46 PM,AMAN,0,0
1:45:47 PM,AMAN,0,0
1:45:48 PM,AMAN,0,0
1:45:50 PM,AMAN,0,0
1:45:51 PM,AMAN,0,0
1:45:52 PM,AMAN,0,0
1:45:55 PM,AMAN,0,0
1:45:57 PM,AMAN,0,0
1:45:58 PM,AMAN,0,0
1:45:59 PM,AMAN,0,0
1:46:00 PM,AMAN,0,0
1:46:01 PM,AMAN,0,0
1:46:02 PM,AMAN,0,0
1:46:04 PM,AMAN,0,0
1:46:05 PM,AMAN,0,0
1:46:06 PM,AMAN,0,0
1:46:07 PM,AMAN,0,0
1:46:08 PM,AMAN,0,0
1:46:10 PM,AMAN,0,0
1:46:11 PM,AMAN,0,0
1:46:12 PM,AMAN,0,0
1:46:13 PM,AMAN,0,0
1:46:14 PM,AMAN,0,0
1:46:15 PM,AMAN,0,0
1:46:17 PM,AMAN,0,0
1:46:18 PM,AMAN,0,0
1:46:19 PM,AMAN,0,0
1:46:21 PM,AMAN,0,0
1:46:22 PM,AMAN,0,0
1:46:23 PM,AMAN,0,0
1:46:24 PM,AMAN,0,0
1:46:26 PM,AMAN,0,0
1:46:27 PM,AMAN,0,0
1:46:28 PM,AMAN,0,0
1:46:29 PM,AMAN,0,0
1:46:30 PM,AMAN,0,0
1:46:31 PM,AMAN,0,0
1:46:32 PM,AMAN,0,0
1:46:34 PM,AMAN,0,0
1:46:35 PM,AMAN,0,0
1:46:36 PM,AMAN,0,0
1:46:37 PM,AMAN,0,0
1:46:38 PM,AMAN,0,0
1:46:40 PM,AMAN,0,0
1:46:41 PM,AMAN,0,0
1:46:42 PM,AMAN,0,0
1:46:43 PM,AMAN,0,0
1:46:44 PM,AMAN,0,0
1:46:45 PM,AMAN,0,0
1:46:47 PM,AMAN,0,0
1:46:48 PM,AMAN,0,0
1:46:49 PM,AMAN,0,0
1:46:54 PM,AMAN,0,0
1:46:56 PM,AMAN,0,0
1:46:57 PM,AMAN,0,0
1:46:58 PM,AMAN,0,0
1:46:59 PM,AMAN,0,0
1:47:00 PM,AMAN,0,0
1:47:02 PM,AMAN,0,0
1:47:06 PM,AMAN,0,0
1:47:07 PM,AMAN,0,0
1:47:08 PM,AMAN,0,0
1:47:09 PM,AMAN,0,0
1:47:11 PM,AMAN,0,0
1:47:12 PM,AMAN,0,0
1:47:13 PM,AMAN,0,0
1:47:15 PM,AMAN,0,0
1:47:16 PM,AMAN,0,0
1:47:20 PM,AMAN,0,0
1:47:21 PM,AMAN,0,0
1:47:23 PM,AMAN,0,0
1:47:24 PM,AMAN,0,0
1:47:26 PM,AMAN,0,0
1:47:27 PM,AMAN,0,0
1:47:28 PM,AMAN,0,0
1:47:31 PM,AMAN,0,0
1:47:32 PM,AMAN,0,0
1:47:33 PM,AMAN,0,0
1:47:36 PM,AMAN,0,0
1:47:37 PM,AMAN,0,0
1:47:39 PM,AMAN,0,0
1:47:40 PM,AMAN,0,0
1:47:41 PM,AMAN,0,0
1:47:42 PM,AMAN,0,0
1:47:44 PM,AMAN,0,0
1:47:45 PM,AMAN,0,0
1:47:46 PM,AMAN,0,0
1:47:48 PM,AMAN,0,0
1:47:49 PM,AMAN,0,0
1:47:50 PM,AMAN,0,0
1:47:53 PM,AMAN,0,0
1:47:54 PM,AMAN,0,0
1:47:55 PM,AMAN,0,0
1:47:56 PM,AMAN,0,0
1:47:57 PM,AMAN,0,0
1:47:58 PM,AMAN,0,0
1:48:00 PM,AMAN,0,0
1:48:01 PM,AMAN,0,0
1:48:02 PM,AMAN,0,0
1:48:04 PM,AMAN,0,0
1:48:05 PM,AMAN,0,0
1:48:06 PM,AMAN,0,0
1:48:07 PM,AMAN,0,0
1:48:08 PM,AMAN,0,0
1:48:09 PM,AMAN,0,0
1:48:10 PM,AMAN,0,0
1:48:12 PM,AMAN,0,0
1:48:14 PM,AMAN,0,0
1:48:15 PM,AMAN,0,0
1:48:16 PM,AMAN,0,0
1:48:17 PM,AMAN,0,0
1:48:18 PM,AMAN,0,0
1:48:19 PM,AMAN,0,0
1:48:21 PM,AMAN,0,0
1:48:22 PM,AMAN,0,0
1:48:23 PM,AMAN,0,0
1:48:24 PM,AMAN,0,0
1:48:25 PM,AMAN,0,0
1:48:27 PM,SIAGA,8.1,1
1:48:29 PM,SIAGA,13.8,1
1:48:30 PM,SIAGA,5.1,1
1:48:34 PM,SIAGA,0,1
1:48:36 PM,SIAGA,0,0.7
1:48:37 PM,SIAGA,0,0.49
1:48:38 PM,AMAN,0,0.34
1:48:40 PM,AMAN,0,0.24
1:48:41 PM,AMAN,0,0.17
1:48:45 PM,AMAN,0,0.12
1:48:46 PM,AMAN,0,0.08
1:48:47 PM,AMAN,0,0.06
1:48:48 PM,AMAN,0,0.04
1:48:49 PM,AMAN,0,0.03
1:48:51 PM,AMAN,0,0.02
1:48:52 PM,AMAN,0,0.01
1:48:53 PM,AMAN,0,0.01
1:48:54 PM,AMAN,0,0.01
1:48:55 PM,AMAN,0,0
1:48:56 PM,AMAN,0,0
1:48:57 PM,AMAN,0,0
1:48:59 PM,AMAN,0,0
1:49:00 PM,AMAN,0,0
1:49:01 PM,AMAN,0,0
1:49:02 PM,AMAN,0,0
1:49:06 PM,AMAN,0,0
1:49:07 PM,AMAN,0,0
1:49:08 PM,AMAN,0,0
1:49:09 PM,AMAN,0,0
1:49:11 PM,AMAN,0,0
1:49:12 PM,AMAN,0,0
1:49:13 PM,AMAN,0,0
1:49:14 PM,AMAN,0,0
1:49:15 PM,AMAN,0,0
1:49:17 PM,AMAN,0,0
1:49:18 PM,AMAN,0,0
1:49:19 PM,AMAN,0,0
1:49:20 PM,AMAN,0,0
1:49:22 PM,AMAN,0,0
1:49:23 PM,AMAN,0,0
1:49:24 PM,AMAN,0,0
1:49:25 PM,AMAN,0,0
1:49:26 PM,AMAN,0,0
1:49:28 PM,AMAN,0,0
1:49:31 PM,AMAN,0,0
1:49:32 PM,AMAN,0,0
1:49:33 PM,AMAN,0,0
1:49:34 PM,AMAN,0,0
1:49:35 PM,AMAN,0,0
1:49:36 PM,AMAN,0,0
1:49:38 PM,AMAN,0,0
1:49:39 PM,AMAN,0,0
1:49:40 PM,AMAN,0,0
1:49:41 PM,AMAN,0,0
1:49:42 PM,AMAN,0,0
1:49:44 PM,AMAN,0,0
1:49:45 PM,AMAN,0,0
1:49:46 PM,AMAN,0,0
1:49:47 PM,AMAN,0,0
1:49:48 PM,AMAN,0,0
1:49:50 PM,AMAN,0,0
1:49:51 PM,AMAN,0,0
1:49:53 PM,AMAN,0,0
1:49:54 PM,AMAN,0,0
1:49:56 PM,AMAN,0,0
1:49:57 PM,AMAN,0,0
1:49:58 PM,AMAN,0,0
1:49:59 PM,AMAN,0,0
1:50:00 PM,AMAN,0,0
1:50:04 PM,AMAN,0,0
1:50:05 PM,AMAN,0,0
1:50:06 PM,AMAN,0,0
1:50:07 PM,AMAN,0,0
1:50:09 PM,AMAN,0,0
1:50:10 PM,AMAN,0,0
1:50:11 PM,AMAN,0,0
1:50:12 PM,AMAN,0,0
1:50:15 PM,AMAN,0,0
1:50:16 PM,AMAN,0,0
1:50:18 PM,AMAN,0,0
1:50:19 PM,AMAN,0,0
1:50:20 PM,AMAN,0,0
1:50:23 PM,AMAN,0,0
1:50:24 PM,AMAN,0,0
1:50:25 PM,AMAN,0,0
1:50:27 PM,AMAN,0,0
1:50:28 PM,AMAN,0,0
1:50:30 PM,AMAN,0,0
1:50:31 PM,AMAN,0,0
1:50:32 PM,AMAN,0,0
1:50:34 PM,AMAN,0,0
1:50:36 PM,AMAN,0,0
1:50:37 PM,AMAN,0,0
1:50:38 PM,AMAN,0,0
1:50:39 PM,AMAN,0,0
1:50:41 PM,AMAN,0,0
1:50:42 PM,AMAN,0,0
1:50:43 PM,AMAN,0,0
1:50:44 PM,AMAN,0,0
1:50:46 PM,AMAN,0,0
1:50:47 PM,AMAN,0,0
1:50:48 PM,AMAN,0,0
1:50:49 PM,AMAN,0,0
1:50:50 PM,AMAN,0,0
1:50:51 PM,AMAN,0,0
1:50:52 PM,AMAN,0,0
1:50:54 PM,AMAN,0,0
1:50:55 PM,AMAN,0,0
1:50:57 PM,AMAN,0,0
1:50:58 PM,AMAN,0,0
1:50:59 PM,AMAN,0,0
1:51:00 PM,AMAN,0,0
1:51:01 PM,AMAN,0,0
1:51:03 PM,AMAN,0,0
1:51:04 PM,AMAN,0,0
1:51:05 PM,AMAN,0,0
1:51:06 PM,AMAN,0,0
1:51:07 PM,AMAN,0,0
1:51:09 PM,AMAN,0,0
1:51:10 PM,AMAN,0,0
1:51:11 PM,AMAN,0,0
1:51:12 PM,AMAN,0,0
1:51:13 PM,AMAN,0,0
1:51:14 PM,AMAN,0,0
1:51:15 PM,AMAN,0,0
1:51:17 PM,AMAN,0,0
1:51:18 PM,AMAN,0,0
1:51:19 PM,AMAN,0,0
1:51:20 PM,AMAN,0,0
1:51:22 PM,AMAN,0,0
1:51:23 PM,AMAN,0,0
1:51:24 PM,AMAN,0,0
1:51:25 PM,AMAN,0,0
1:51:27 PM,AMAN,0,0
1:51:28 PM,AMAN,0,0
1:51:29 PM,AMAN,0,0
1:51:31 PM,AMAN,0,0
1:51:34 PM,AMAN,0,0
1:51:35 PM,AMAN,0,0
1:51:37 PM,AMAN,0,0
1:51:40 PM,AMAN,0,0
1:51:41 PM,AMAN,0,0
1:51:42 PM,AMAN,0,0
1:51:44 PM,AMAN,0,0
1:51:45 PM,AMAN,0,0
1:51:46 PM,AMAN,0,0
1:51:47 PM,AMAN,0,0
1:51:48 PM,AMAN,0,0
1:51:50 PM,AMAN,0,0
1:51:51 PM,AMAN,0,0
1:51:52 PM,AMAN,0,0
1:51:53 PM,AMAN,0,0
1:51:54 PM,AMAN,0,0
1:51:55 PM,AMAN,0,0
1:51:59 PM,AMAN,0,0
1:52:00 PM,AMAN,0,0
1:52:01 PM,AMAN,0,0
1:52:03 PM,AMAN,0,0
1:52:04 PM,AMAN,0,0
1:52:05 PM,AMAN,0,0
1:52:06 PM,AMAN,0,0
1:52:07 PM,AMAN,0,0
1:52:09 PM,AMAN,0,0
1:52:10 PM,AMAN,0,0
1:52:11 PM,AMAN,0,0
1:52:12 PM,AMAN,0,0
1:52:13 PM,AMAN,0,0
1:52:14 PM,AMAN,0,0
1:52:16 PM,AMAN,0,0
1:52:17 PM,AMAN,0,0
1:52:18 PM,AMAN,0,0
1:52:19 PM,AMAN,0,0
1:52:20 PM,AMAN,0,0
1:52:21 PM,AMAN,0,0
1:52:23 PM,AMAN,0,0
1:52:24 PM,AMAN,0,0
1:52:25 PM,AMAN,0,0
1:52:26 PM,AMAN,0,0
1:52:27 PM,AMAN,0,0
1:52:29 PM,AMAN,0,0
1:52:30 PM,AMAN,0,0
1:52:31 PM,AMAN,0,0
1:52:32 PM,AMAN,0,0
1:52:33 PM,AMAN,0,0
1:52:34 PM,AMAN,0,0
1:52:35 PM,AMAN,0,0
1:52:37 PM,AMAN,0,0
1:52:40 PM,AMAN,0,0
1:52:41 PM,AMAN,0,0
1:52:43 PM,AMAN,0,0
1:52:45 PM,AMAN,0,0
1:52:46 PM,AMAN,0,0
1:52:47 PM,AMAN,0,0
1:52:48 PM,AMAN,0,0
1:52:49 PM,AMAN,0,0
1:52:51 PM,AMAN,0,0
1:52:52 PM,AMAN,0,0
1:52:53 PM,AMAN,0,0
1:52:54 PM,AMAN,0,0
1:52:55 PM,AMAN,0,0
1:52:57 PM,AMAN,0,0
1:52:58 PM,AMAN,0,0
1:52:59 PM,AMAN,0,0
1:53:00 PM,AMAN,0,0
1:53:01 PM,AMAN,0,0
1:53:02 PM,AMAN,0,0
1:53:03 PM,AMAN,0,0
1:53:05 PM,AMAN,0,0
1:53:06 PM,AMAN,0,0
1:53:07 PM,AMAN,0,0
1:53:08 PM,AMAN,0,0
1:53:09 PM,AMAN,0,0
1:53:10 PM,AMAN,0,0
1:53:12 PM,AMAN,0,0
1:53:13 PM,AMAN,0,0
1:53:15 PM,AMAN,0,0
1:53:16 PM,AMAN,0,0
1:53:17 PM,AMAN,0,0
1:53:19 PM,AMAN,0,0
1:53:22 PM,AMAN,0,0
1:53:23 PM,AMAN,0,0
1:53:24 PM,AMAN,0,0
1:53:26 PM,AMAN,0,0
1:53:28 PM,AMAN,0,0
1:53:29 PM,AMAN,0,0
1:53:30 PM,AMAN,0,0
1:53:32 PM,AMAN,0,0
1:53:33 PM,AMAN,0,0
1:53:35 PM,AMAN,0,0
1:53:36 PM,AMAN,0,0
1:53:37 PM,AMAN,0,0
1:53:38 PM,AMAN,0,0
1:53:41 PM,AMAN,0,0
1:53:43 PM,AMAN,0,0
1:53:45 PM,AMAN,0,0
1:53:46 PM,AMAN,0,0
1:53:47 PM,AMAN,0,0
1:53:49 PM,AMAN,0,0
1:53:51 PM,AMAN,0,0
1:53:53 PM,AMAN,0,0
1:53:57 PM,AMAN,0,0
1:53:58 PM,AMAN,0,0
1:54:00 PM,AMAN,0,0
1:54:02 PM,AMAN,0,0
1:54:03 PM,AMAN,0,0
1:54:05 PM,AMAN,0,0
1:54:08 PM,AMAN,0,0
1:54:09 PM,AMAN,0,0
1:54:11 PM,AMAN,0,0
1:54:12 PM,AMAN,0,0
1:54:13 PM,AMAN,0,0
1:54:16 PM,AMAN,0,0
1:54:17 PM,AMAN,0,0
1:54:18 PM,AMAN,0,0
1:54:20 PM,AMAN,0,0
1:54:21 PM,AMAN,0,0
1:54:23 PM,AMAN,0,0
1:54:25 PM,AMAN,0,0
1:54:27 PM,AMAN,0,0
1:54:29 PM,AMAN,0,0
1:54:30 PM,AMAN,0,0
1:54:31 PM,AMAN,0,0
1:54:32 PM,AMAN,0,0
1:54:34 PM,AMAN,0,0
1:54:35 PM,AMAN,0,0
1:54:36 PM,AMAN,0,0
1:54:38 PM,AMAN,0,0
1:54:39 PM,AMAN,0,0
1:54:43 PM,AMAN,0,0
1:54:44 PM,AMAN,0,0
1:54:45 PM,AMAN,0,0
1:54:47 PM,AMAN,0,0
1:54:50 PM,AMAN,0,0
1:54:51 PM,AMAN,0,0
1:54:52 PM,AMAN,0,0
1:54:53 PM,AMAN,0,0
1:54:55 PM,AMAN,0,0
1:54:58 PM,AMAN,0,0
1:54:59 PM,AMAN,0,0
1:55:00 PM,AMAN,0,0
1:55:02 PM,AMAN,0,0
1:55:04 PM,AMAN,0,0
1:55:05 PM,AMAN,0,0
1:55:08 PM,AMAN,0,0
1:55:09 PM,AMAN,0,0
1:55:10 PM,AMAN,0,0
1:55:12 PM,AMAN,0,0
1:55:13 PM,AMAN,0,0
1:55:14 PM,AMAN,0,0
1:55:16 PM,AMAN,0,0
1:55:17 PM,AMAN,0,0
1:55:21 PM,AMAN,0,0
1:55:22 PM,AMAN,0,0
1:55:24 PM,AMAN,0,0
1:55:25 PM,AMAN,0,0
1:55:26 PM,AMAN,0,0
1:55:27 PM,AMAN,0,0
1:55:29 PM,AMAN,0,0
1:55:30 PM,AMAN,0,0
1:55:32 PM,AMAN,0,0
1:55:33 PM,AMAN,0,0
1:55:34 PM,AMAN,0,0
1:55:36 PM,AMAN,0,0
1:55:37 PM,AMAN,0,0
1:55:38 PM,AMAN,0,0
1:55:39 PM,AMAN,0,0
1:55:41 PM,AMAN,0,0
1:55:42 PM,AMAN,0,0
1:55:44 PM,AMAN,0,0
1:55:45 PM,AMAN,0,0
1:55:47 PM,AMAN,0,0
1:55:48 PM,AMAN,0,0
1:55:49 PM,AMAN,0,0
1:55:52 PM,AMAN,0,0
1:55:53 PM,AMAN,0,0
1:55:54 PM,AMAN,0,0
1:55:56 PM,AMAN,0,0
1:56:00 PM,AMAN,0,0
1:56:01 PM,AMAN,0,0
1:56:02 PM,AMAN,0,0
1:56:04 PM,AMAN,0,0
1:56:05 PM,AMAN,0,0
1:56:07 PM,AMAN,0,0
1:56:10 PM,AMAN,0,0
1:56:11 PM,AMAN,0,0
1:56:13 PM,AMAN,0,0
1:56:15 PM,AMAN,0,0
1:56:16 PM,AMAN,0,0
1:56:18 PM,AMAN,0,0
1:56:19 PM,AMAN,0,0
1:56:20 PM,AMAN,0,0
1:56:22 PM,AMAN,0,0
1:56:23 PM,AMAN,0,0
1:56:24 PM,AMAN,0,0
1:56:25 PM,AMAN,0,0
1:56:27 PM,AMAN,0,0
1:56:29 PM,AMAN,0,0
1:56:30 PM,AMAN,0,0
1:56:33 PM,AMAN,0,0
1:56:35 PM,AMAN,0,0
1:56:37 PM,AMAN,0,0
1:56:39 PM,AMAN,0,0
1:56:40 PM,AMAN,0,0
1:56:42 PM,AMAN,0,0
1:56:43 PM,AMAN,0,0
1:56:44 PM,AMAN,0,0
1:56:45 PM,AMAN,0,0
1:56:46 PM,AMAN,0,0
1:56:48 PM,AMAN,0,0
1:56:50 PM,AMAN,0,0
1:56:51 PM,AMAN,0,0
1:56:52 PM,AMAN,0,0
1:56:53 PM,AMAN,0,0
1:56:54 PM,AMAN,0,0
1:56:55 PM,AMAN,0,0
1:56:56 PM,AMAN,0,0
1:56:58 PM,AMAN,0,0
1:56:59 PM,AMAN,0,0
1:57:00 PM,AMAN,0,0
1:57:01 PM,AMAN,0,0
1:57:03 PM,AMAN,0,0
1:57:04 PM,AMAN,0,0
1:57:06 PM,AMAN,0,0
1:57:07 PM,AMAN,0,0
1:57:08 PM,AMAN,0,0
1:57:10 PM,AMAN,0,0
1:57:11 PM,AMAN,0,0
1:57:12 PM,AMAN,0,0
1:57:13 PM,AMAN,0,0
1:57:14 PM,AMAN,0,0
1:57:16 PM,AMAN,0,0
1:57:17 PM,AMAN,0,0
1:57:21 PM,AMAN,0,0
1:57:22 PM,AMAN,0,0
1:57:24 PM,AMAN,0,0
1:57:27 PM,AMAN,0,0
1:57:28 PM,AMAN,0,0
1:57:30 PM,AMAN,0,0
1:57:31 PM,AMAN,0,0
1:57:32 PM,AMAN,0,0
1:57:33 PM,AMAN,0,0
1:57:34 PM,AMAN,0,0
1:57:37 PM,AMAN,0,0
1:57:39 PM,AMAN,0,0
1:57:40 PM,AMAN,0,0
1:57:41 PM,AMAN,0,0
1:57:42 PM,AMAN,0,0
1:57:45 PM,AMAN,0,0
1:57:46 PM,AMAN,0,0
1:57:48 PM,AMAN,0,0
1:57:49 PM,AMAN,0,0
1:57:51 PM,AMAN,0,0
1:57:52 PM,AMAN,0,0
1:57:54 PM,AMAN,0,0
1:57:55 PM,AMAN,0,0
1:57:56 PM,AMAN,0,0
1:57:57 PM,AMAN,0,0
1:57:58 PM,AMAN,0,0
1:58:02 PM,AMAN,0,0
1:58:03 PM,AMAN,0,0
1:58:04 PM,AMAN,0,0
1:58:07 PM,AMAN,0,0
1:58:08 PM,AMAN,0,0
1:58:10 PM,AMAN,0,0
1:58:11 PM,AMAN,0,0
1:58:13 PM,AMAN,0,0
1:58:14 PM,AMAN,0,0
1:58:15 PM,AMAN,0,0
1:58:16 PM,AMAN,0,0
1:58:18 PM,AMAN,0,0
1:58:19 PM,AMAN,0,0
1:58:20 PM,AMAN,0,0
1:58:21 PM,AMAN,0,0
1:58:23 PM,AMAN,0,0
1:58:25 PM,AMAN,0,0
1:58:27 PM,AMAN,0,0
1:58:29 PM,AMAN,0,0
1:58:30 PM,AMAN,0,0
1:58:31 PM,AMAN,0,0
1:58:32 PM,AMAN,0,0
1:58:33 PM,AMAN,0,0
1:58:34 PM,AMAN,0,0
1:58:35 PM,AMAN,0,0
1:58:38 PM,AMAN,0,0
1:58:39 PM,AMAN,0,0
1:58:40 PM,AMAN,0,0
1:58:43 PM,AMAN,0,0
1:58:44 PM,AMAN,0,0
1:58:45 PM,AMAN,0,0
1:58:46 PM,AMAN,0,0
1:58:48 PM,AMAN,0,0
1:58:49 PM,AMAN,0,0
1:58:50 PM,AMAN,0,0
1:58:52 PM,AMAN,0,0
1:58:53 PM,AMAN,0,0
1:58:54 PM,AMAN,0,0
1:58:56 PM,AMAN,0,0
1:58:58 PM,AMAN,0,0
1:58:59 PM,AMAN,0,0
1:59:00 PM,AMAN,0,0
1:59:02 PM,AMAN,0,0
1:59:04 PM,AMAN,0,0
1:59:05 PM,AMAN,0,0
1:59:06 PM,AMAN,0,0
1:59:07 PM,AMAN,0,0
1:59:09 PM,AMAN,0,0
1:59:11 PM,AMAN,0,0
1:59:12 PM,AMAN,0,0
1:59:14 PM,AMAN,0,0
1:59:15 PM,AMAN,0,0
1:59:16 PM,AMAN,0,0
1:59:18 PM,AMAN,0,0
1:59:19 PM,AMAN,0,0
1:59:21 PM,AMAN,0,0
1:59:23 PM,AMAN,0,0
1:59:24 PM,AMAN,0,0
1:59:26 PM,AMAN,0,0
1:59:27 PM,SIAGA,8.6,1
1:59:29 PM,SIAGA,0.2,1
1:59:30 PM,SIAGA,0,0.74
1:59:31 PM,SIAGA,0,0.52
1:59:32 PM,AMAN,0,0.36
1:59:33 PM,AMAN,0,0.25
1:59:34 PM,AMAN,0,0.18
1:59:35 PM,AMAN,0,0.12
1:59:37 PM,AMAN,0,0.09
1:59:38 PM,AMAN,0,0.06
1:59:39 PM,AMAN,0,0.04
1:59:40 PM,AMAN,0,0.03
1:59:42 PM,AMAN,0,0.02
1:59:43 PM,AMAN,0,0.01
1:59:44 PM,AMAN,0,0.01
1:59:45 PM,AMAN,0,0.01
1:59:46 PM,AMAN,0,0.01
1:59:48 PM,AMAN,0,0
1:59:50 PM,AMAN,0,0
1:59:51 PM,AMAN,0,0
1:59:52 PM,AMAN,0,0
1:59:54 PM,AMAN,0,0
1:59:55 PM,AMAN,0,0
1:59:56 PM,AMAN,0,0
1:59:58 PM,AMAN,0,0
1:59:59 PM,AMAN,0,0
2:00:00 PM,AMAN,0,0
2:00:02 PM,AMAN,0,0
2:00:03 PM,AMAN,0,0
2:00:04 PM,AMAN,0,0
2:00:05 PM,AMAN,0,0
2:00:06 PM,AMAN,0,0
2:00:07 PM,AMAN,0,0
2:00:10 PM,AMAN,0,0
2:00:11 PM,AMAN,0,0
2:00:12 PM,AMAN,0,0
2:00:13 PM,AMAN,0,0
2:00:15 PM,AMAN,0,0
2:00:16 PM,AMAN,0,0
2:00:17 PM,AMAN,0,0
2:00:19 PM,AMAN,0,0
2:00:20 PM,AMAN,0,0
2:00:21 PM,AMAN,0,0
2:00:22 PM,AMAN,0,0
2:00:25 PM,AMAN,0,0
2:00:26 PM,AMAN,0,0
2:00:27 PM,AMAN,0,0
2:00:29 PM,AMAN,0,0
2:00:31 PM,AMAN,0,0
2:00:32 PM,AMAN,0,0
2:00:34 PM,AMAN,0,0
2:00:35 PM,AMAN,0,0
2:00:36 PM,AMAN,0,0
2:00:37 PM,AMAN,0,0
2:00:39 PM,AMAN,0,0
2:00:40 PM,AMAN,0,0
2:00:41 PM,AMAN,0,0
2:00:44 PM,AMAN,0,0
2:00:45 PM,AMAN,0,0
2:00:46 PM,AMAN,0,0
2:00:50 PM,AMAN,0,0
2:00:51 PM,AMAN,0,0
2:00:52 PM,AMAN,0,0
2:00:54 PM,AMAN,0,0
2:00:55 PM,AMAN,0,0
2:00:56 PM,AMAN,0,0
2:00:58 PM,AMAN,0,0
2:00:59 PM,AMAN,0,0
2:01:01 PM,AMAN,0,0
2:01:02 PM,AMAN,0,0
2:01:03 PM,AMAN,0,0
2:01:05 PM,AMAN,0,0
2:01:07 PM,AMAN,0,0
2:01:08 PM,AMAN,0,0
2:01:09 PM,AMAN,0,0
2:01:10 PM,AMAN,0,0
2:01:12 PM,AMAN,0,0
2:01:13 PM,AMAN,0,0
2:01:14 PM,AMAN,0,0
2:01:15 PM,AMAN,0,0
2:01:16 PM,AMAN,0,0
2:01:18 PM,AMAN,0,0
2:01:19 PM,AMAN,0,0
2:01:22 PM,AMAN,0,0
2:01:24 PM,AMAN,0,0
2:01:26 PM,AMAN,0,0
2:01:27 PM,AMAN,0,0
2:01:29 PM,AMAN,0,0
2:01:30 PM,AMAN,0,0
2:01:32 PM,AMAN,0,0
2:01:34 PM,AMAN,0,0
2:01:35 PM,AMAN,0,0
2:01:36 PM,AMAN,0,0
2:01:37 PM,AMAN,0,0
2:01:38 PM,AMAN,0,0
2:01:39 PM,AMAN,0,0
2:01:43 PM,AMAN,0,0
2:01:44 PM,AMAN,0,0
2:01:46 PM,AMAN,0,0
2:01:48 PM,AMAN,0,0
2:01:50 PM,AMAN,0,0
2:01:53 PM,AMAN,0,0
2:01:56 PM,AMAN,0,0
2:01:57 PM,AMAN,0,0
2:01:58 PM,AMAN,0,0
2:02:00 PM,AMAN,0,0
2:02:02 PM,AMAN,0,0
2:02:03 PM,AMAN,0,0
2:02:04 PM,AMAN,0,0
2:02:06 PM,AMAN,0,0
2:02:07 PM,AMAN,0,0
2:02:08 PM,AMAN,0,0
2:02:09 PM,AMAN,0,0
2:02:10 PM,AMAN,0,0
2:02:11 PM,AMAN,0,0
2:02:13 PM,AMAN,0,0
2:02:14 PM,AMAN,0,0
2:02:15 PM,AMAN,0,0
2:02:18 PM,AMAN,0,0
2:02:19 PM,AMAN,0,0
2:02:21 PM,AMAN,0,0
2:02:22 PM,AMAN,0,0
2:02:24 PM,AMAN,0,0
2:02:25 PM,AMAN,0,0
2:02:28 PM,AMAN,0,0
2:02:30 PM,AMAN,0,0
2:02:31 PM,AMAN,0,0
2:02:32 PM,AMAN,0,0
2:02:33 PM,AMAN,0,0
2:02:35 PM,AMAN,0,0
2:02:36 PM,AMAN,0,0
2:02:38 PM,AMAN,0,0
2:02:42 PM,AMAN,0,0
2:02:44 PM,AMAN,0,0
2:02:45 PM,AMAN,0,0
2:02:46 PM,AMAN,0,0
2:02:47 PM,AMAN,0,0
2:02:48 PM,AMAN,0,0
2:02:51 PM,AMAN,0,0
2:02:54 PM,AMAN,0,0
2:02:55 PM,AMAN,0,0
2:02:57 PM,AMAN,0,0
2:02:58 PM,AMAN,0,0
2:02:59 PM,AMAN,0,0
2:03:02 PM,AMAN,0,0
2:03:03 PM,AMAN,0,0
2:03:04 PM,AMAN,0,0
2:03:05 PM,AMAN,0,0
2:03:06 PM,AMAN,0,0
2:03:07 PM,AMAN,0,0
2:03:09 PM,AMAN,0,0
2:03:10 PM,AMAN,0,0
2:03:11 PM,AMAN,0,0
2:03:13 PM,AMAN,0,0
2:03:14 PM,AMAN,0,0
2:03:15 PM,AMAN,0,0
2:03:17 PM,AMAN,0,0
2:03:18 PM,AMAN,0,0
2:03:19 PM,AMAN,0,0
2:03:20 PM,AMAN,0,0
2:03:22 PM,AMAN,0,0
2:03:25 PM,AMAN,0,0
2:03:26 PM,AMAN,0,0
2:03:27 PM,AMAN,0,0
2:03:29 PM,AMAN,0,0
2:03:30 PM,AMAN,0,0
2:03:31 PM,AMAN,0,0
2:03:32 PM,AMAN,0,0
2:03:34 PM,AMAN,0,0
2:03:35 PM,AMAN,0,0
2:03:38 PM,AMAN,0,0
2:03:39 PM,AMAN,0,0
2:03:40 PM,AMAN,0,0
2:03:43 PM,AMAN,0,0
2:03:44 PM,AMAN,0,0
2:03:45 PM,AMAN,0,0
2:03:47 PM,AMAN,0,0
2:03:48 PM,AMAN,0,0
2:03:52 PM,AMAN,0,0
2:03:53 PM,AMAN,0,0
2:03:54 PM,AMAN,0,0
2:03:56 PM,AMAN,0,0
2:03:58 PM,AMAN,0,0
2:03:59 PM,AMAN,0,0
2:04:00 PM,AMAN,0,0
2:04:01 PM,AMAN,0,0
2:04:02 PM,AMAN,0,0
2:04:03 PM,AMAN,0,0
2:04:05 PM,AMAN,0,0
2:04:06 PM,AMAN,0,0
2:04:07 PM,AMAN,0,0
2:04:08 PM,AMAN,0,0
2:04:09 PM,AMAN,0,0
2:04:10 PM,AMAN,0,0
2:04:12 PM,AMAN,0,0
2:04:13 PM,AMAN,0,0
2:04:16 PM,AMAN,0,0
2:04:17 PM,AMAN,0,0
2:04:18 PM,AMAN,0,0
2:04:19 PM,AMAN,0,0
2:04:20 PM,AMAN,0,0
2:04:22 PM,AMAN,0,0
2:04:23 PM,AMAN,0,0
2:04:24 PM,AMAN,0,0
2:04:26 PM,AMAN,0,0
2:04:29 PM,AMAN,0,0
2:04:30 PM,AMAN,0,0
2:04:31 PM,AMAN,0,0
2:04:34 PM,AMAN,0,0
2:04:35 PM,AMAN,0,0
2:04:37 PM,AMAN,0,0
2:04:38 PM,AMAN,0,0
2:04:40 PM,AMAN,0,0
2:04:42 PM,AMAN,0,0
2:04:43 PM,AMAN,0,0
2:04:44 PM,AMAN,0,0
2:04:45 PM,AMAN,0,0
2:04:48 PM,AMAN,0,0
2:04:49 PM,AMAN,0,0
2:04:51 PM,AMAN,0,0
2:04:52 PM,AMAN,0,0
2:04:53 PM,AMAN,0,0
2:04:54 PM,AMAN,0,0
2:04:57 PM,AMAN,0,0
2:05:00 PM,AMAN,0,0
2:05:02 PM,AMAN,0,0
2:05:03 PM,AMAN,0,0
2:05:04 PM,AMAN,0,0
2:05:05 PM,AMAN,0,0
2:05:07 PM,AMAN,0,0
2:05:09 PM,AMAN,0,0
2:05:10 PM,AMAN,0,0
2:05:11 PM,AMAN,0,0
2:05:13 PM,AMAN,0,0
2:05:15 PM,AMAN,0,0
2:05:16 PM,AMAN,0,0
2:05:17 PM,AMAN,0,0
2:05:18 PM,AMAN,0,0
2:05:19 PM,AMAN,0,0
2:05:20 PM,AMAN,0,0
2:05:22 PM,AMAN,0,0
2:05:25 PM,AMAN,0,0
2:05:26 PM,AMAN,0,0
2:05:27 PM,AMAN,0,0
2:05:28 PM,AMAN,0,0
2:05:30 PM,AMAN,0,0
2:05:31 PM,AMAN,0,0
2:05:32 PM,AMAN,0,0
2:05:33 PM,AMAN,0,0
2:05:34 PM,AMAN,0,0
2:05:36 PM,AMAN,0,0
2:05:37 PM,AMAN,0,0
2:05:41 PM,AMAN,0,0
2:05:42 PM,AMAN,0,0
2:05:43 PM,AMAN,0,0
2:05:44 PM,AMAN,0,0
2:05:46 PM,AMAN,0,0
2:05:47 PM,AMAN,0,0
2:05:48 PM,AMAN,0,0
2:05:49 PM,AMAN,0,0
2:05:50 PM,AMAN,0,0
2:05:51 PM,AMAN,0,0
2:05:53 PM,AMAN,0,0
2:05:54 PM,AMAN,0,0
2:05:55 PM,AMAN,0,0
2:05:56 PM,AMAN,0,0
2:05:58 PM,AMAN,0,0
2:05:59 PM,AMAN,0,0
2:06:00 PM,AMAN,0,0
2:06:01 PM,AMAN,0,0
2:06:02 PM,AMAN,0,0
2:06:03 PM,AMAN,0,0
2:06:05 PM,AMAN,0,0
2:06:06 PM,AMAN,0,0
2:06:07 PM,AMAN,0,0
2:06:08 PM,AMAN,0,0
2:06:11 PM,AMAN,0,0
2:06:12 PM,AMAN,0,0
2:06:16 PM,AMAN,0,0
2:06:17 PM,AMAN,0,0
2:06:18 PM,AMAN,0,0
2:06:19 PM,AMAN,0,0
2:06:21 PM,AMAN,0,0
2:06:22 PM,AMAN,0,0
2:06:23 PM,AMAN,0,0
2:06:24 PM,AMAN,0,0
2:06:25 PM,AMAN,0,0
2:06:26 PM,AMAN,0,0
2:06:28 PM,AMAN,0,0
2:06:29 PM,AMAN,0,0
2:06:30 PM,AMAN,0,0
2:06:31 PM,AMAN,0,0
2:06:33 PM,AMAN,0,0
2:06:34 PM,AMAN,0,0
2:06:35 PM,AMAN,0,0
2:06:36 PM,AMAN,0,0
2:06:37 PM,AMAN,0,0
2:06:41 PM,AMAN,0,0
2:06:42 PM,AMAN,0,0
2:06:43 PM,AMAN,0,0
2:06:44 PM,AMAN,0,0
2:06:46 PM,AMAN,0,0
2:06:47 PM,AMAN,0,0
2:06:48 PM,AMAN,0,0
2:06:49 PM,AMAN,0,0
2:06:50 PM,AMAN,0,0
2:06:51 PM,AMAN,0,0
2:06:52 PM,AMAN,0,0
2:06:54 PM,AMAN,0,0
2:06:55 PM,AMAN,0,0
2:06:56 PM,AMAN,0,0
2:06:58 PM,AMAN,0,0
2:07:00 PM,AMAN,0,0
2:07:01 PM,AMAN,0,0
2:07:02 PM,AMAN,0,0
2:07:03 PM,AMAN,0,0
2:07:04 PM,AMAN,0,0
2:07:05 PM,AMAN,0,0
2:07:06 PM,AMAN,0,0
2:07:07 PM,AMAN,0,0
2:07:09 PM,AMAN,0,0
2:07:10 PM,AMAN,0,0
2:07:11 PM,AMAN,0,0
2:07:12 PM,AMAN,0,0
2:07:13 PM,AMAN,0,0
2:07:14 PM,AMAN,0,0
2:07:15 PM,AMAN,0,0
2:07:17 PM,AMAN,0,0
2:07:18 PM,AMAN,0,0
2:07:19 PM,AMAN,0,0
2:07:20 PM,AMAN,0,0
2:07:21 PM,AMAN,0,0
2:07:23 PM,AMAN,0,0
2:07:24 PM,AMAN,0,0
2:07:26 PM,AMAN,0,0
2:07:27 PM,AMAN,0,0
2:07:28 PM,AMAN,0,0
2:07:29 PM,AMAN,0,0
2:07:30 PM,AMAN,0,0
2:07:32 PM,AMAN,0,0
2:07:33 PM,AMAN,0,0
2:07:34 PM,AMAN,0,0
2:07:38 PM,AMAN,0,0
2:07:39 PM,AMAN,0,0
2:07:40 PM,AMAN,0,0
2:07:41 PM,AMAN,0,0
2:07:42 PM,AMAN,0,0
2:07:44 PM,AMAN,0,0
2:07:45 PM,AMAN,0,0
2:07:46 PM,AMAN,0,0
2:07:47 PM,AMAN,0,0
2:07:48 PM,AMAN,0,0
2:07:49 PM,AMAN,0,0
2:07:51 PM,AMAN,0,0
2:07:52 PM,AMAN,0,0
2:07:53 PM,AMAN,0,0
2:07:55 PM,AMAN,0,0
2:07:56 PM,AMAN,0,0
2:07:57 PM,AMAN,0,0
2:07:58 PM,AMAN,0,0
2:07:59 PM,AMAN,0,0
2:08:00 PM,AMAN,0,0
2:08:01 PM,AMAN,0,0
2:08:03 PM,AMAN,0,0
2:08:04 PM,AMAN,0,0
2:08:05 PM,AMAN,0,0
2:08:06 PM,AMAN,0,0
2:08:07 PM,AMAN,0,0
2:08:09 PM,AMAN,0,0
2:08:10 PM,AMAN,0,0
2:08:11 PM,AMAN,0,0
2:08:12 PM,AMAN,0,0
2:08:16 PM,AMAN,0,0
2:08:17 PM,AMAN,0,0
2:08:18 PM,AMAN,0,0
2:08:19 PM,AMAN,0,0
2:08:20 PM,AMAN,0,0
2:08:21 PM,AMAN,0,0
2:08:23 PM,AMAN,0,0
2:08:27 PM,AMAN,0,0
2:08:28 PM,AMAN,0,0
2:08:31 PM,AMAN,0,0
2:08:32 PM,AMAN,0,0
2:08:33 PM,AMAN,0,0
2:08:37 PM,AMAN,0,0
2:08:38 PM,AMAN,0,0
2:08:40 PM,AMAN,0,0
2:08:41 PM,AMAN,0,0
2:08:42 PM,AMAN,0,0
2:08:43 PM,AMAN,0,0
2:08:44 PM,AMAN,0,0
2:08:45 PM,SIAGA,5.5,1
2:08:46 PM,SIAGA,0,1
2:08:48 PM,SIAGA,0,0.7
2:08:49 PM,SIAGA,0,0.49
2:08:50 PM,AMAN,0,0.34
2:08:51 PM,AMAN,0,0.24
2:08:52 PM,AMAN,0,0.17
2:08:53 PM,AMAN,0,0.12
2:08:55 PM,AMAN,0,0.08
2:08:56 PM,AMAN,0,0.06
2:08:57 PM,AMAN,0,0.04
2:08:58 PM,AMAN,0,0.03
2:08:59 PM,AMAN,0,0.02
2:09:00 PM,AMAN,0,0.01
2:09:01 PM,AMAN,0,0.01
2:09:03 PM,AMAN,0,0.01
2:09:05 PM,AMAN,0,0
2:09:06 PM,AMAN,0,0
2:09:07 PM,AMAN,0,0
2:09:08 PM,AMAN,0,0
2:09:09 PM,AMAN,0,0
2:09:10 PM,AMAN,0,0
2:09:12 PM,AMAN,0,0
2:09:13 PM,AMAN,0,0
2:09:14 PM,AMAN,0,0
2:09:15 PM,AMAN,0,0
2:09:16 PM,AMAN,0,0
2:09:17 PM,AMAN,0,0
2:09:21 PM,AMAN,0,0
2:09:22 PM,AMAN,0,0
2:09:24 PM,AMAN,0,0
2:09:25 PM,AMAN,0,0
2:09:26 PM,AMAN,0,0
2:09:27 PM,AMAN,0,0
2:09:28 PM,AMAN,0,0
2:09:29 PM,AMAN,0,0
2:09:30 PM,AMAN,0,0
2:09:32 PM,AMAN,0,0
2:09:33 PM,AMAN,0,0
2:09:34 PM,AMAN,0,0
2:09:35 PM,AMAN,0,0
2:09:36 PM,AMAN,0,0
2:09:37 PM,AMAN,0,0
2:09:39 PM,AMAN,0,0
2:09:43 PM,AMAN,0,0
2:09:44 PM,AMAN,0,0
2:09:46 PM,AMAN,0,0
2:09:48 PM,AMAN,0,0
2:09:49 PM,AMAN,0,0
2:09:50 PM,AMAN,0,0
2:09:51 PM,AMAN,0,0
2:09:54 PM,AMAN,0,0
2:09:55 PM,AMAN,0,0
2:09:56 PM,AMAN,0,0
2:09:57 PM,AMAN,0,0
2:09:58 PM,AMAN,0,0
2:10:00 PM,AMAN,0,0
2:10:01 PM,AMAN,0,0
2:10:02 PM,AMAN,0,0
2:10:03 PM,AMAN,0,0
2:10:04 PM,AMAN,0,0
2:10:05 PM,AMAN,0,0
2:10:09 PM,AMAN,0,0
2:10:10 PM,AMAN,0,0
2:10:11 PM,AMAN,0,0
2:10:12 PM,AMAN,0,0
2:10:14 PM,AMAN,0,0
2:10:15 PM,AMAN,0,0
2:10:16 PM,AMAN,0,0
2:10:17 PM,AMAN,0,0
2:10:18 PM,AMAN,0,0
2:10:20 PM,AMAN,0,0
2:10:21 PM,AMAN,0,0
2:10:22 PM,AMAN,0,0
2:10:23 PM,AMAN,0,0
2:10:24 PM,AMAN,0,0
2:10:25 PM,SIAGA,7.8,1
2:10:26 PM,SIAGA,0,1
2:10:28 PM,SIAGA,0,0.7
2:10:29 PM,SIAGA,0,0.49
2:10:30 PM,AMAN,0,0.34
2:10:31 PM,AMAN,0,0.24
2:10:32 PM,AMAN,0,0.17
2:10:33 PM,AMAN,0,0.12
2:10:35 PM,AMAN,0,0.08
2:10:36 PM,AMAN,0,0.06
2:10:37 PM,AMAN,0,0.04
2:10:38 PM,AMAN,0,0.03
2:10:39 PM,AMAN,0,0.02
2:10:41 PM,AMAN,0,0.01
2:10:42 PM,AMAN,0,0.01
2:10:43 PM,AMAN,0,0.01
2:10:44 PM,AMAN,0,0
2:10:45 PM,AMAN,0,0
2:10:49 PM,AMAN,0,0
2:10:50 PM,AMAN,0,0
2:10:51 PM,AMAN,0,0
2:10:52 PM,AMAN,0,0
2:10:53 PM,AMAN,0,0
2:15:02 PM,SIAGA,1.1,0.71
2:15:03 PM,SIAGA,0,0.56
2:15:05 PM,AMAN,0,0.39
2:15:06 PM,AMAN,0,0.27
2:15:07 PM,AMAN,0,0.19
2:15:08 PM,AMAN,0,0.13
2:15:10 PM,AMAN,0,0.09
2:15:11 PM,AMAN,0,0.07
2:15:13 PM,AMAN,0,0.05
2:15:14 PM,AMAN,0,0.03
2:15:15 PM,AMAN,0,0.02
2:15:16 PM,AMAN,0,0.02
2:15:17 PM,AMAN,0,0.01
2:15:18 PM,AMAN,0,0.01
2:15:20 PM,AMAN,0,0.01
2:15:21 PM,AMAN,0,0
2:15:22 PM,AMAN,0,0
2:15:23 PM,AMAN,0,0
2:15:24 PM,AMAN,0,0
2:15:25 PM,AMAN,0,0
2:15:26 PM,AMAN,0,0
2:15:28 PM,AMAN,0,0
2:15:29 PM,AMAN,0,0
2:15:30 PM,AMAN,0,0
2:15:31 PM,AMAN,0,0
2:15:32 PM,AMAN,0,0
2:15:34 PM,AMAN,0,0
2:15:35 PM,AMAN,0,0
2:15:36 PM,AMAN,0,0
2:15:38 PM,AMAN,0,0
2:15:39 PM,AMAN,0,0
2:15:40 PM,AMAN,0,0
2:15:41 PM,AMAN,0,0
2:15:43 PM,AMAN,0,0
2:15:44 PM,AMAN,0,0
2:15:45 PM,AMAN,0,0
2:15:46 PM,AMAN,0,0
2:15:47 PM,AMAN,0,0
2:15:48 PM,AMAN,0,0
2:15:50 PM,AMAN,0,0
2:15:51 PM,AMAN,0,0
2:15:52 PM,AMAN,0,0
2:15:56 PM,AMAN,0,0
2:15:57 PM,AMAN,0,0
2:15:58 PM,AMAN,0,0
2:15:59 PM,AMAN,0,0
2:16:00 PM,AMAN,0,0
2:16:02 PM,AMAN,0,0
2:16:03 PM,AMAN,0,0
2:16:04 PM,AMAN,0,0
2:16:05 PM,AMAN,0,0
2:16:07 PM,AMAN,0,0
2:16:08 PM,AMAN,0,0
2:16:09 PM,AMAN,0,0
2:16:10 PM,AMAN,0,0
2:16:11 PM,AMAN,0,0
2:16:12 PM,AMAN,0,0
2:16:14 PM,AMAN,0,0
2:16:15 PM,AMAN,0,0
2:16:16 PM,AMAN,0,0
2:16:17 PM,AMAN,0,0
2:16:19 PM,AMAN,0,0
2:16:20 PM,AMAN,0,0
2:16:21 PM,AMAN,0,0
2:16:22 PM,AMAN,0,0
2:16:23 PM,AMAN,0,0
2:16:25 PM,AMAN,0,0
2:16:26 PM,AMAN,0,0
2:16:27 PM,AMAN,0,0
2:16:28 PM,AMAN,0,0
2:16:29 PM,AMAN,0,0
2:16:30 PM,AMAN,0,0
2:16:32 PM,AMAN,0,0
2:16:33 PM,AMAN,0,0
2:16:34 PM,AMAN,0,0
2:16:35 PM,AMAN,0,0
2:16:36 PM,AMAN,0,0
2:16:37 PM,AMAN,0,0
2:16:38 PM,AMAN,0,0
2:16:40 PM,AMAN,0,0
2:16:41 PM,AMAN,0,0
2:16:42 PM,AMAN,0,0
2:16:43 PM,AMAN,0,0
2:16:44 PM,AMAN,0,0
2:16:45 PM,AMAN,0,0
2:16:46 PM,AMAN,0,0
2:16:48 PM,AMAN,0,0
2:16:49 PM,AMAN,0,0
2:16:50 PM,AMAN,0,0
2:16:51 PM,AMAN,0,0
2:16:52 PM,AMAN,0,0
2:16:54 PM,AMAN,0,0
2:16:55 PM,AMAN,0,0
2:16:56 PM,AMAN,0,0
2:16:57 PM,AMAN,0,0
2:16:58 PM,AMAN,0,0
2:16:59 PM,AMAN,0,0
2:17:01 PM,AMAN,0,0
2:17:02 PM,AMAN,0,0
2:17:03 PM,AMAN,0,0
2:17:04 PM,AMAN,0,0
2:17:05 PM,AMAN,0,0
2:17:06 PM,AMAN,0,0
2:17:07 PM,AMAN,0,0
2:17:09 PM,AMAN,0,0
2:17:10 PM,AMAN,0,0
2:17:11 PM,AMAN,0,0
2:17:12 PM,AMAN,0,0
2:17:14 PM,AMAN,0,0
2:17:15 PM,AMAN,0,0
2:17:16 PM,AMAN,0,0
2:17:17 PM,AMAN,0,0
2:17:18 PM,AMAN,0,0
2:17:19 PM,AMAN,0,0
2:17:20 PM,AMAN,0,0
2:17:21 PM,AMAN,0,0
2:17:23 PM,AMAN,0,0
2:17:25 PM,AMAN,0,0
2:17:26 PM,AMAN,0,0
2:17:27 PM,AMAN,0,0
2:17:28 PM,AMAN,0,0
2:17:30 PM,AMAN,0,0
2:17:31 PM,AMAN,0,0
2:17:32 PM,AMAN,0,0
2:17:33 PM,AMAN,0,0
2:17:34 PM,AMAN,0,0
2:17:35 PM,AMAN,0,0
2:17:37 PM,AMAN,0,0
2:17:38 PM,AMAN,0,0
2:17:39 PM,SIAGA,8.4,1
2:17:40 PM,SIAGA,14.6,1
2:17:41 PM,SIAGA,19.2,1
2:17:42 PM,SIAGA,22.5,1
2:17:44 PM,SIAGA,24.6,1
2:17:45 PM,BAHAYA,26.2,1
2:17:46 PM,BAHAYA,27.3,1
2:17:47 PM,BAHAYA,28,0.87
2:17:48 PM,BAHAYA,28.4,0.71
2:17:49 PM,BAHAYA,28.7,0.57
2:17:50 PM,BAHAYA,28.9,0.46
2:17:52 PM,BAHAYA,29,0.36
2:17:53 PM,BAHAYA,29.2,0.28
2:17:54 PM,BAHAYA,29.3,0.24
2:17:55 PM,BAHAYA,29.3,0.17
2:17:56 PM,BAHAYA,29.4,0.12
2:17:57 PM,BAHAYA,29.5,0.12
2:17:58 PM,BAHAYA,29.5,0.1
2:18:00 PM,BAHAYA,29.5,0.08
2:18:01 PM,BAHAYA,29.5,0.07
2:18:02 PM,BAHAYA,29.4,0.05
2:18:03 PM,BAHAYA,29.4,0.04
2:18:04 PM,BAHAYA,29.4,0.03
2:18:06 PM,BAHAYA,29.4,0.02
2:18:07 PM,BAHAYA,29.4,0.02
2:18:08 PM,BAHAYA,29.4,0.01
2:18:09 PM,BAHAYA,29.4,0.01
2:18:10 PM,SIAGA,14.7,1
2:18:14 PM,SIAGA,4.7,1
2:18:15 PM,SIAGA,0,1
2:18:19 PM,SIAGA,0,0.7
2:18:20 PM,SIAGA,0,0.49
2:18:21 PM,AMAN,0,0.34
2:18:22 PM,AMAN,0,0.24
2:18:23 PM,AMAN,0,0.17
2:18:25 PM,AMAN,0,0.12
2:18:26 PM,AMAN,0,0.08
2:18:27 PM,AMAN,0,0.06
2:18:28 PM,AMAN,0,0.04
2:18:29 PM,AMAN,0,0.03
2:18:30 PM,AMAN,0,0.02
2:18:32 PM,AMAN,0,0.01
2:18:33 PM,AMAN,0,0.01
2:18:34 PM,AMAN,0,0.01
2:18:35 PM,AMAN,0,0
2:18:36 PM,AMAN,0,0
2:18:37 PM,AMAN,0,0
2:18:38 PM,AMAN,0,0
2:18:40 PM,AMAN,0,0
2:18:41 PM,AMAN,0,0
2:18:42 PM,AMAN,0,0
2:18:43 PM,AMAN,0,0
2:18:44 PM,AMAN,0,0
2:18:46 PM,AMAN,0,0
2:18:47 PM,AMAN,0,0
2:18:48 PM,AMAN,0,0
2:18:49 PM,AMAN,0,0
2:18:51 PM,AMAN,0,0
2:18:52 PM,AMAN,0,0
2:18:53 PM,AMAN,0,0
2:18:54 PM,AMAN,0,0
2:18:55 PM,AMAN,0,0
2:18:57 PM,AMAN,0,0
2:18:58 PM,AMAN,0,0
2:18:59 PM,AMAN,0,0
2:19:00 PM,AMAN,0,0
2:19:01 PM,AMAN,0,0
2:19:02 PM,AMAN,0,0
2:19:03 PM,AMAN,0,0
2:19:05 PM,AMAN,0,0
2:19:06 PM,AMAN,0,0
2:19:07 PM,AMAN,0,0
2:19:08 PM,AMAN,0,0
2:19:09 PM,AMAN,0,0
2:19:10 PM,AMAN,0,0
2:19:11 PM,AMAN,0,0
2:19:13 PM,AMAN,0,0
2:19:14 PM,AMAN,0,0
2:19:15 PM,AMAN,0,0
2:19:16 PM,AMAN,0,0
2:19:17 PM,AMAN,0,0
2:19:18 PM,AMAN,0,0
2:19:19 PM,AMAN,0,0
2:19:21 PM,AMAN,0,0
2:19:22 PM,AMAN,0,0
2:19:23 PM,AMAN,0,0
2:19:24 PM,AMAN,0,0
2:19:25 PM,AMAN,0,0
2:19:26 PM,AMAN,0,0
2:19:28 PM,AMAN,0,0
2:19:29 PM,AMAN,0,0
2:19:31 PM,AMAN,0,0
2:19:32 PM,AMAN,0,0
2:19:34 PM,AMAN,0,0
2:19:35 PM,AMAN,0,0
2:19:39 PM,AMAN,0,0
2:19:40 PM,AMAN,0,0
2:19:41 PM,AMAN,0,0
2:19:42 PM,AMAN,0,0
2:19:43 PM,AMAN,0,0
2:19:44 PM,AMAN,0,0
2:19:46 PM,AMAN,0,0
2:19:47 PM,AMAN,0,0
2:19:50 PM,AMAN,0,0
2:19:52 PM,AMAN,0,0
2:19:53 PM,AMAN,0,0
2:19:54 PM,AMAN,0,0
2:19:55 PM,AMAN,0,0
2:19:56 PM,AMAN,0,0
2:19:57 PM,AMAN,0,0
2:19:59 PM,AMAN,0,0
2:20:00 PM,AMAN,0,0
2:20:01 PM,AMAN,0,0
2:20:03 PM,AMAN,0,0
2:20:04 PM,AMAN,0,0
2:20:05 PM,AMAN,0,0
2:20:07 PM,AMAN,0,0
2:20:08 PM,AMAN,0,0
2:20:09 PM,AMAN,0,0
2:20:10 PM,AMAN,0,0
2:20:11 PM,AMAN,0,0
2:20:13 PM,AMAN,0,0
2:20:14 PM,AMAN,0,0
2:20:15 PM,AMAN,0,0
2:20:16 PM,AMAN,0,0
2:20:17 PM,AMAN,0,0
2:20:18 PM,AMAN,0,0
2:20:20 PM,AMAN,0,0
2:20:21 PM,AMAN,0,0
2:20:25 PM,AMAN,0,0
2:20:26 PM,AMAN,0,0
2:20:27 PM,AMAN,0,0
2:20:28 PM,AMAN,0,0
2:20:30 PM,AMAN,0,0
2:20:31 PM,AMAN,0,0
2:20:32 PM,AMAN,0,0
2:20:33 PM,AMAN,0,0
2:20:34 PM,AMAN,0,0
2:20:36 PM,AMAN,0,0
2:20:37 PM,AMAN,0,0
2:20:38 PM,AMAN,0,0
2:20:41 PM,AMAN,0,0
2:20:42 PM,AMAN,0,0
2:20:43 PM,AMAN,0,0
2:20:44 PM,AMAN,0,0
2:20:45 PM,AMAN,0,0
2:20:46 PM,AMAN,0,0
2:20:48 PM,AMAN,0,0
2:20:49 PM,AMAN,0,0
2:20:50 PM,AMAN,0,0
2:20:51 PM,AMAN,0,0
2:20:52 PM,AMAN,0,0
2:20:53 PM,AMAN,0,0
2:20:55 PM,AMAN,0,0
2:20:56 PM,AMAN,0,0
2:20:57 PM,AMAN,0,0
2:20:58 PM,AMAN,0,0
2:20:59 PM,AMAN,0,0
2:21:00 PM,AMAN,0,0
2:21:01 PM,AMAN,0,0
2:21:02 PM,AMAN,0,0
2:21:04 PM,AMAN,0,0
2:21:05 PM,AMAN,0,0
2:21:06 PM,AMAN,0,0
2:21:07 PM,AMAN,0,0
2:21:08 PM,AMAN,0,0
2:21:09 PM,AMAN,0,0
2:21:11 PM,AMAN,0,0
2:21:12 PM,AMAN,0,0
2:21:13 PM,AMAN,0,0
2:21:14 PM,AMAN,0,0
2:21:15 PM,AMAN,0,0
2:21:17 PM,AMAN,0,0
2:21:18 PM,AMAN,0,0
2:21:19 PM,AMAN,0,0
2:21:20 PM,AMAN,0,0
2:21:21 PM,AMAN,0,0
2:21:23 PM,AMAN,0,0
2:21:24 PM,AMAN,0,0
2:21:25 PM,AMAN,0,0
2:21:26 PM,AMAN,0,0
2:21:27 PM,AMAN,0,0
2:21:28 PM,AMAN,0,0
2:21:30 PM,AMAN,0,0
2:21:31 PM,AMAN,0,0
2:21:32 PM,AMAN,0,0
2:21:33 PM,AMAN,0,0
2:21:34 PM,AMAN,0,0
2:21:35 PM,AMAN,0,0
2:21:36 PM,AMAN,0,0
2:21:37 PM,AMAN,0,0
2:21:41 PM,AMAN,0,0
2:21:42 PM,AMAN,0,0
2:21:43 PM,AMAN,0,0
2:21:44 PM,AMAN,0,0
2:21:46 PM,AMAN,0,0
2:21:49 PM,AMAN,0,0
2:21:51 PM,AMAN,0,0
2:21:52 PM,AMAN,0,0
2:21:53 PM,AMAN,0,0
2:21:54 PM,AMAN,0,0
2:21:55 PM,AMAN,0,0
2:21:56 PM,AMAN,0,0
2:21:58 PM,AMAN,0,0
2:22:01 PM,AMAN,0,0
2:22:02 PM,AMAN,0,0
2:22:03 PM,AMAN,0,0
2:22:04 PM,AMAN,0,0
2:22:05 PM,AMAN,0,0
2:22:07 PM,AMAN,0,0
2:22:08 PM,AMAN,0,0
2:22:09 PM,AMAN,0,0
2:22:10 PM,AMAN,0,0
2:22:11 PM,AMAN,0,0
2:22:12 PM,AMAN,0,0
2:22:16 PM,AMAN,0,0
2:22:20 PM,AMAN,0,0
2:22:21 PM,AMAN,0,0
2:22:22 PM,AMAN,0,0
2:22:23 PM,AMAN,0,0
2:22:24 PM,AMAN,0,0
2:22:26 PM,AMAN,0,0
2:22:27 PM,AMAN,0,0
2:22:28 PM,AMAN,0,0
2:22:29 PM,AMAN,0,0
2:22:31 PM,AMAN,0,0
2:22:32 PM,AMAN,0,0
2:22:33 PM,AMAN,0,0
2:22:35 PM,AMAN,0,0
2:22:36 PM,AMAN,0,0
2:22:37 PM,AMAN,0,0
2:22:39 PM,AMAN,0,0
2:22:40 PM,AMAN,0,0
2:22:41 PM,AMAN,0,0
2:22:45 PM,AMAN,0,0
2:22:46 PM,AMAN,0,0
2:22:47 PM,AMAN,0,0
2:22:48 PM,AMAN,0,0
2:22:49 PM,AMAN,0,0
2:22:51 PM,AMAN,0,0
2:22:52 PM,AMAN,0,0
2:22:53 PM,AMAN,0,0
2:22:54 PM,AMAN,0,0
2:22:55 PM,AMAN,0,0
2:22:56 PM,AMAN,0,0
2:22:58 PM,AMAN,0,0
2:22:59 PM,AMAN,0,0
2:23:00 PM,AMAN,0,0
2:23:01 PM,AMAN,0,0
2:23:02 PM,AMAN,0,0
2:23:06 PM,AMAN,0,0
2:23:07 PM,AMAN,0,0
2:23:08 PM,AMAN,0,0
2:23:09 PM,AMAN,0,0
2:23:10 PM,AMAN,0,0
2:23:12 PM,AMAN,0,0
2:23:13 PM,AMAN,0,0
2:23:14 PM,AMAN,0,0
2:23:16 PM,AMAN,0,0
2:23:17 PM,AMAN,0,0
2:23:19 PM,AMAN,0,0
2:23:20 PM,AMAN,0,0
2:23:21 PM,AMAN,0,0
2:23:22 PM,AMAN,0,0
2:23:26 PM,AMAN,0,0
2:23:27 PM,AMAN,0,0
2:23:28 PM,AMAN,0,0
2:23:30 PM,AMAN,0,0
2:23:31 PM,AMAN,0,0
2:23:32 PM,AMAN,0,0
2:23:33 PM,AMAN,0,0
2:23:34 PM,AMAN,0,0
2:23:35 PM,AMAN,0,0
2:23:36 PM,AMAN,0,0
2:23:38 PM,AMAN,0,0
2:23:39 PM,AMAN,0,0
2:23:40 PM,AMAN,0,0
2:23:41 PM,AMAN,0,0
2:23:42 PM,AMAN,0,0
2:23:43 PM,AMAN,0,0
2:23:44 PM,AMAN,0,0
2:23:45 PM,AMAN,0,0
2:23:47 PM,AMAN,0,0
2:23:48 PM,AMAN,0,0
2:23:49 PM,AMAN,0,0
2:23:50 PM,AMAN,0,0
2:23:54 PM,AMAN,0,0
2:23:55 PM,AMAN,0,0
2:23:56 PM,AMAN,0,0
2:23:58 PM,AMAN,0,0
2:24:01 PM,AMAN,0,0
2:24:03 PM,AMAN,0,0
2:24:04 PM,AMAN,0,0
2:24:05 PM,AMAN,0,0
2:24:06 PM,AMAN,0,0
2:24:08 PM,AMAN,0,0
2:24:09 PM,AMAN,0,0
2:24:10 PM,AMAN,0,0
2:24:11 PM,AMAN,0,0
2:24:12 PM,AMAN,0,0
2:24:14 PM,AMAN,0,0
2:24:15 PM,AMAN,0,0
2:24:16 PM,AMAN,0,0
2:24:18 PM,AMAN,0,0
2:24:19 PM,AMAN,0,0
2:24:20 PM,AMAN,0,0
2:24:21 PM,AMAN,0,0
2:24:23 PM,AMAN,0,0
2:24:24 PM,AMAN,0,0
2:24:25 PM,AMAN,0,0
2:24:26 PM,AMAN,0,0
2:24:27 PM,AMAN,0,0
2:24:28 PM,AMAN,0,0
2:24:29 PM,AMAN,0,0
2:24:31 PM,AMAN,0,0
2:24:32 PM,AMAN,0,0
2:24:33 PM,AMAN,0,0
2:24:35 PM,AMAN,0,0
2:24:36 PM,AMAN,0,0
2:24:37 PM,AMAN,0,0
2:24:38 PM,AMAN,0,0
2:24:39 PM,AMAN,0,0
2:24:41 PM,AMAN,0,0
2:24:43 PM,AMAN,0,0
2:24:44 PM,AMAN,0,0
2:24:45 PM,AMAN,0,0
2:24:46 PM,AMAN,0,0
2:24:50 PM,AMAN,0,0
2:24:51 PM,AMAN,0,0
2:24:52 PM,AMAN,0,0
2:24:53 PM,AMAN,0,0
2:24:54 PM,AMAN,0,0
2:24:55 PM,AMAN,0,0
2:24:57 PM,AMAN,0,0
2:24:58 PM,AMAN,0,0
2:24:59 PM,AMAN,0,0
2:25:00 PM,AMAN,0,0
2:25:01 PM,AMAN,0,0
2:25:03 PM,AMAN,0,0
2:25:04 PM,AMAN,0,0
2:25:05 PM,AMAN,0,0
2:25:06 PM,AMAN,0,0
2:25:07 PM,AMAN,0,0
2:25:11 PM,AMAN,0,0
2:25:12 PM,AMAN,0,0
2:25:16 PM,AMAN,0,0
2:25:17 PM,AMAN,0,0
2:25:18 PM,AMAN,0,0
2:25:19 PM,AMAN,0,0
2:25:20 PM,AMAN,0,0
2:25:21 PM,AMAN,0,0
2:25:23 PM,AMAN,0,0
2:25:24 PM,AMAN,0,0
2:25:25 PM,AMAN,0,0
2:25:26 PM,AMAN,0,0
2:25:27 PM,AMAN,0,0
2:25:29 PM,AMAN,0,0
2:25:30 PM,AMAN,0,0
2:25:31 PM,AMAN,0,0
2:25:32 PM,AMAN,0,0
2:25:34 PM,AMAN,0,0
2:25:35 PM,AMAN,0,0
2:25:37 PM,AMAN,0,0
2:25:38 PM,AMAN,0,0
2:25:39 PM,AMAN,0,0
2:25:40 PM,AMAN,0,0
2:25:41 PM,AMAN,0,0
2:25:42 PM,AMAN,0,0
2:25:43 PM,AMAN,0,0
2:25:44 PM,AMAN,0,0
2:25:46 PM,AMAN,0,0
2:25:47 PM,AMAN,0,0
2:25:50 PM,AMAN,0,0
2:25:52 PM,AMAN,0,0
2:25:53 PM,AMAN,0,0
2:25:54 PM,AMAN,0,0
2:25:55 PM,AMAN,0,0
2:25:56 PM,AMAN,0,0
2:26:00 PM,AMAN,0,0
2:26:01 PM,AMAN,0,0
2:26:03 PM,AMAN,0,0
2:26:04 PM,AMAN,0,0
2:26:05 PM,AMAN,0,0
2:26:06 PM,AMAN,0,0
2:26:08 PM,AMAN,0,0
2:26:09 PM,AMAN,0,0
2:26:10 PM,AMAN,0,0
2:26:11 PM,AMAN,0,0
2:26:12 PM,AMAN,0,0
2:26:13 PM,AMAN,0,0
2:26:14 PM,AMAN,0,0
2:26:15 PM,AMAN,0,0
2:26:17 PM,AMAN,0,0
2:26:18 PM,AMAN,0,0
2:26:19 PM,AMAN,0,0
2:26:20 PM,AMAN,0,0
2:26:21 PM,AMAN,0,0
2:26:22 PM,AMAN,0,0
2:26:23 PM,AMAN,0,0
2:26:24 PM,AMAN,0,0
2:26:26 PM,AMAN,0,0
2:26:27 PM,AMAN,0,0
2:26:28 PM,AMAN,0,0
2:26:29 PM,AMAN,0,0
2:26:30 PM,AMAN,0,0
2:26:32 PM,AMAN,0,0
2:26:33 PM,AMAN,0,0
2:26:34 PM,AMAN,0,0
2:26:35 PM,AMAN,0,0
2:26:36 PM,AMAN,0,0
2:26:37 PM,AMAN,0,0
2:26:39 PM,AMAN,0,0
2:26:40 PM,AMAN,0,0
2:26:41 PM,AMAN,0,0
2:26:42 PM,AMAN,0,0
2:26:43 PM,AMAN,0,0
2:26:44 PM,AMAN,0,0
2:26:46 PM,AMAN,0,0
2:26:47 PM,AMAN,0,0
2:26:48 PM,AMAN,0,0
2:26:49 PM,AMAN,0,0
2:26:50 PM,AMAN,0,0
2:26:51 PM,AMAN,0,0
2:26:53 PM,AMAN,0,0
2:26:56 PM,AMAN,0,0
2:26:57 PM,AMAN,0,0
2:26:59 PM,AMAN,0,0
2:27:00 PM,AMAN,0,0
2:27:01 PM,AMAN,0,0
2:27:02 PM,AMAN,0,0
2:27:03 PM,AMAN,0,0
2:27:04 PM,AMAN,0,0
2:27:06 PM,AMAN,0,0
2:27:09 PM,AMAN,0,0
2:27:11 PM,AMAN,0,0
2:27:12 PM,AMAN,0,0
2:27:13 PM,AMAN,0,0
2:27:14 PM,AMAN,0,0
2:27:15 PM,AMAN,0,0
2:27:16 PM,AMAN,0,0
2:27:17 PM,AMAN,0,0
2:27:19 PM,AMAN,0,0
2:27:20 PM,AMAN,0,0
2:27:21 PM,AMAN,0,0
2:27:22 PM,AMAN,0,0
2:27:23 PM,AMAN,0,0
2:27:24 PM,AMAN,0,0
2:27:25 PM,AMAN,0,0
2:27:26 PM,AMAN,0,0
2:27:27 PM,AMAN,0,0
2:27:29 PM,AMAN,0,0
2:27:30 PM,AMAN,0,0
2:27:31 PM,AMAN,0,0
2:27:32 PM,AMAN,0,0
2:27:34 PM,AMAN,0,0
2:27:35 PM,AMAN,0,0
2:27:36 PM,AMAN,0,0
2:27:38 PM,AMAN,0,0
2:27:39 PM,AMAN,0,0
2:27:40 PM,AMAN,0,0
2:27:41 PM,AMAN,0,0
2:27:45 PM,AMAN,0,0
2:27:46 PM,AMAN,0,0
2:27:47 PM,AMAN,0,0
2:27:48 PM,AMAN,0,0
2:27:49 PM,AMAN,0,0
2:27:51 PM,AMAN,0,0
2:27:52 PM,AMAN,0,0
2:27:53 PM,AMAN,0,0
2:27:54 PM,AMAN,0,0
2:27:56 PM,AMAN,0,0
2:27:58 PM,AMAN,0,0
2:27:59 PM,AMAN,0,0
2:28:00 PM,AMAN,0,0
2:28:01 PM,AMAN,0,0
2:28:02 PM,AMAN,0,0
2:28:03 PM,AMAN,0,0
2:28:04 PM,AMAN,0,0
2:28:05 PM,AMAN,0,0
2:28:07 PM,AMAN,0,0
2:28:08 PM,AMAN,0,0
2:28:09 PM,AMAN,0,0
2:28:10 PM,AMAN,0,0
2:28:11 PM,AMAN,0,0
2:28:12 PM,AMAN,0,0
2:28:13 PM,AMAN,0,0
2:28:14 PM,AMAN,0,0
2:28:16 PM,AMAN,0,0
2:28:17 PM,AMAN,0,0
2:28:18 PM,AMAN,0,0
2:28:19 PM,AMAN,0,0
2:28:20 PM,AMAN,0,0
2:28:21 PM,AMAN,0,0
2:28:23 PM,AMAN,0,0
2:28:24 PM,AMAN,0,0
2:28:25 PM,AMAN,0,0
2:28:26 PM,AMAN,0,0
2:28:27 PM,AMAN,0,0
2:28:28 PM,AMAN,0,0
2:28:30 PM,AMAN,0,0
2:28:32 PM,AMAN,0,0
2:28:33 PM,AMAN,0,0
2:28:34 PM,AMAN,0,0
2:28:35 PM,AMAN,0,0
2:28:36 PM,AMAN,0,0
2:28:37 PM,AMAN,0,0
2:28:38 PM,AMAN,0,0
2:28:40 PM,AMAN,0,0
2:28:42 PM,AMAN,0,0
2:28:43 PM,AMAN,0,0
2:28:44 PM,AMAN,0,0
2:28:45 PM,AMAN,0,0
2:28:46 PM,AMAN,0,0
2:28:48 PM,AMAN,0,0
2:28:49 PM,AMAN,0,0
2:28:50 PM,AMAN,0,0
2:28:51 PM,AMAN,0,0
2:28:52 PM,AMAN,0,0
2:28:56 PM,AMAN,0,0
2:28:58 PM,AMAN,0,0
2:28:59 PM,AMAN,0,0
2:29:00 PM,AMAN,0,0
2:29:01 PM,AMAN,0,0
2:29:02 PM,AMAN,0,0
2:29:03 PM,AMAN,0,0
2:29:04 PM,AMAN,0,0
2:29:06 PM,AMAN,0,0
2:29:07 PM,AMAN,0,0
2:29:08 PM,AMAN,0,0
2:29:09 PM,AMAN,0,0
2:29:10 PM,AMAN,0,0
2:29:12 PM,AMAN,0,0
2:29:15 PM,AMAN,0,0
2:29:17 PM,AMAN,0,0
2:29:18 PM,AMAN,0,0
2:29:19 PM,AMAN,0,0
2:29:20 PM,AMAN,0,0
2:29:21 PM,AMAN,0,0
2:29:22 PM,AMAN,0,0
2:29:23 PM,AMAN,0,0
2:29:25 PM,AMAN,0,0
2:29:26 PM,AMAN,0,0
2:29:27 PM,AMAN,0,0
2:29:28 PM,AMAN,0,0
2:29:29 PM,AMAN,0,0
2:29:31 PM,AMAN,0,0
2:29:32 PM,AMAN,0,0
2:29:33 PM,AMAN,0,0
2:29:34 PM,AMAN,0,0
2:29:35 PM,AMAN,0,0
2:29:37 PM,AMAN,0,0
2:29:38 PM,AMAN,0,0
2:29:39 PM,AMAN,0,0
2:29:40 PM,AMAN,0,0
2:29:41 PM,AMAN,0,0
2:29:42 PM,AMAN,0,0
2:29:43 PM,AMAN,0,0
2:29:44 PM,AMAN,0,0
2:29:46 PM,AMAN,0,0
2:29:47 PM,AMAN,0,0
2:29:48 PM,AMAN,0,0
2:29:49 PM,AMAN,0,0
2:29:50 PM,AMAN,0,0
2:29:51 PM,AMAN,0,0
2:29:52 PM,AMAN,0,0
2:29:54 PM,AMAN,0,0
2:29:55 PM,AMAN,0,0
2:29:56 PM,AMAN,0,0
2:29:57 PM,AMAN,0,0
2:29:58 PM,AMAN,0,0
2:29:59 PM,AMAN,0,0
2:30:02 PM,AMAN,0,0
2:30:03 PM,AMAN,0,0
2:30:04 PM,AMAN,0,0
2:30:06 PM,AMAN,0,0
2:30:07 PM,AMAN,0,0
2:30:08 PM,AMAN,0,0
2:30:09 PM,AMAN,0,0
2:30:10 PM,AMAN,0,0
2:30:11 PM,AMAN,0,0
2:30:12 PM,AMAN,0,0
2:30:13 PM,AMAN,0,0
2:30:15 PM,AMAN,0,0
2:30:16 PM,AMAN,0,0
2:30:17 PM,AMAN,0,0
2:30:18 PM,AMAN,0,0
2:30:19 PM,AMAN,0,0
2:30:20 PM,AMAN,0,0
2:30:22 PM,AMAN,0,0
2:30:23 PM,AMAN,0,0
2:30:24 PM,AMAN,0,0
2:30:27 PM,AMAN,0,0
2:30:28 PM,AMAN,0,0
2:30:30 PM,AMAN,0,0
2:30:31 PM,AMAN,0,0
2:30:32 PM,AMAN,0,0
2:30:33 PM,AMAN,0,0
2:30:34 PM,AMAN,0,0
2:30:36 PM,AMAN,0,0
2:30:37 PM,AMAN,0,0
2:30:38 PM,AMAN,0,0
2:30:39 PM,AMAN,0,0
2:30:40 PM,AMAN,0,0
2:30:42 PM,AMAN,0,0
2:30:43 PM,AMAN,0,0
2:30:44 PM,AMAN,0,0
2:30:45 PM,AMAN,0,0
2:30:46 PM,AMAN,0,0
2:30:48 PM,AMAN,0,0
2:30:49 PM,AMAN,0,0
2:30:50 PM,AMAN,0,0
2:30:51 PM,AMAN,0,0
2:30:52 PM,AMAN,0,0
2:30:53 PM,AMAN,0,0
2:30:54 PM,AMAN,0,0
2:30:55 PM,AMAN,0,0
2:30:57 PM,AMAN,0,0
2:30:58 PM,AMAN,0,0
2:30:59 PM,AMAN,0,0
2:31:02 PM,AMAN,0,0
2:31:03 PM,AMAN,0,0
2:31:05 PM,AMAN,0,0
2:31:06 PM,AMAN,0,0
2:31:07 PM,AMAN,0,0
2:31:08 PM,AMAN,0,0
2:31:09 PM,AMAN,0,0
2:31:10 PM,AMAN,0,0
2:31:16 PM,AMAN,0,0
2:31:17 PM,AMAN,0,0
2:31:18 PM,AMAN,0,0
2:31:19 PM,AMAN,0,0
2:31:22 PM,AMAN,0,0
2:31:23 PM,AMAN,0,0
2:31:25 PM,AMAN,0,0
2:31:26 PM,AMAN,0,0
2:31:27 PM,AMAN,0,0
2:31:28 PM,AMAN,0,0
2:31:29 PM,AMAN,0,0
2:31:30 PM,AMAN,0,0
2:31:31 PM,AMAN,0,0
2:31:32 PM,AMAN,0,0
2:31:34 PM,AMAN,0,0
2:31:35 PM,AMAN,0,0
2:31:36 PM,AMAN,0,0
2:31:37 PM,AMAN,0,0
2:31:38 PM,AMAN,0,0
2:31:39 PM,AMAN,0,0
2:31:40 PM,AMAN,0,0
2:31:42 PM,AMAN,0,0
2:31:43 PM,AMAN,0,0
2:31:44 PM,AMAN,0,0
2:31:45 PM,AMAN,0,0
2:31:46 PM,AMAN,0,0
2:31:47 PM,AMAN,0,0
2:31:48 PM,AMAN,0,0
2:31:50 PM,AMAN,0,0
2:31:51 PM,AMAN,0,0
2:31:52 PM,AMAN,0,0
2:31:53 PM,AMAN,0,0
2:31:54 PM,AMAN,0,0
2:31:55 PM,AMAN,0,0
2:31:57 PM,AMAN,0,0
2:31:58 PM,AMAN,0,0
2:31:59 PM,AMAN,0,0
2:32:00 PM,AMAN,0,0
2:32:02 PM,AMAN,0,0
2:32:03 PM,AMAN,0,0
2:32:05 PM,AMAN,0,0
2:32:06 PM,AMAN,0,0
2:32:07 PM,AMAN,0,0
2:32:08 PM,AMAN,0,0
2:32:12 PM,AMAN,0,0
2:32:13 PM,AMAN,0,0
2:32:14 PM,AMAN,0,0
2:32:15 PM,AMAN,0,0
2:32:16 PM,AMAN,0,0
2:32:17 PM,AMAN,0,0
2:32:19 PM,AMAN,0,0
2:32:20 PM,AMAN,0,0
2:32:21 PM,AMAN,0,0
2:32:22 PM,AMAN,0,0
2:32:23 PM,AMAN,0,0
2:32:24 PM,AMAN,0,0
2:32:25 PM,AMAN,0,0
2:32:27 PM,AMAN,0,0
2:32:28 PM,AMAN,0,0
2:32:29 PM,AMAN,0,0
2:32:30 PM,AMAN,0,0
2:32:31 PM,AMAN,0,0
2:32:32 PM,AMAN,0,0
2:32:33 PM,AMAN,0,0
2:32:34 PM,AMAN,0,0
2:32:36 PM,AMAN,0,0
2:32:37 PM,AMAN,0,0
2:32:38 PM,AMAN,0,0
2:32:39 PM,AMAN,0,0
2:32:40 PM,AMAN,0,0
2:32:41 PM,AMAN,0,0
2:32:42 PM,AMAN,0,0
2:32:44 PM,AMAN,0,0
2:32:45 PM,AMAN,0,0
2:32:46 PM,AMAN,0,0
2:32:47 PM,AMAN,0,0
2:32:48 PM,AMAN,0,0
2:32:51 PM,AMAN,0,0
2:32:55 PM,AMAN,0,0
2:32:56 PM,AMAN,0,0
2:32:58 PM,AMAN,0,0
2:32:59 PM,AMAN,0,0
2:33:06 PM,AMAN,0,0
2:33:07 PM,AMAN,0,0
2:33:08 PM,AMAN,0,0
2:33:09 PM,AMAN,0,0
2:33:10 PM,AMAN,0,0
2:33:12 PM,AMAN,0,0
2:33:13 PM,AMAN,0,0
2:33:14 PM,AMAN,0,0
2:33:15 PM,AMAN,0,0
2:33:18 PM,AMAN,0,0
2:33:19 PM,AMAN,0,0
2:33:20 PM,AMAN,0,0
2:33:21 PM,AMAN,0,0
2:33:22 PM,AMAN,0,0
2:33:23 PM,AMAN,0,0
2:33:24 PM,AMAN,0,0
2:33:28 PM,AMAN,0,0
2:33:29 PM,AMAN,0,0
2:33:30 PM,AMAN,0,0
2:33:31 PM,AMAN,0,0
2:33:32 PM,AMAN,0,0
2:33:33 PM,AMAN,0,0
2:33:34 PM,AMAN,0,0
2:33:35 PM,AMAN,0,0
2:33:37 PM,AMAN,0,0
2:33:38 PM,AMAN,0,0
2:33:39 PM,AMAN,0,0
2:33:40 PM,AMAN,0,0
2:33:41 PM,AMAN,0,0
2:33:42 PM,AMAN,0,0
2:33:43 PM,AMAN,0,0
2:33:45 PM,AMAN,0,0
